student_name,roll_number,fee_type,total_amount,academic_year,due_date
Suresh Arora,22A81A720001,Tuition Fee,75000.0,2022-23,2022-07-15 00:00:00+00:00
Suresh Arora,22A81A720001,Exam Fee,3500.0,2022-23,2022-07-15 00:00:00+00:00
Suresh Arora,22A81A720001,Development Fee,15000.0,2022-23,2022-07-15 00:00:00+00:00
Suresh Arora,22A81A720001,Hostel Fee,5000.0,2022-23,2022-07-15 00:00:00+00:00
Suresh Arora,22A81A720001,Mess Fee,5000.0,2022-23,2022-07-15 00:00:00+00:00
Suresh Arora,22A81A720001,Tuition Fee,75000.0,2022-23,2022-07-15 00:00:00+00:00
Suresh Arora,22A81A720001,Exam Fee,3500.0,2022-23,2022-07-15 00:00:00+00:00
Suresh Arora,22A81A720001,Hostel Fee,5000.0,2022-23,2022-07-15 00:00:00+00:00
Suresh Arora,22A81A720001,Mess Fee,5000.0,2022-23,2022-07-15 00:00:00+00:00
Suresh Arora,22A81A720001,Tuition Fee,75000.0,2023-24,2023-07-15 00:00:00+00:00
Suresh Arora,22A81A720001,Exam Fee,3500.0,2023-24,2023-07-15 00:00:00+00:00
Suresh Arora,22A81A720001,Development Fee,15000.0,2023-24,2023-07-15 00:00:00+00:00
Suresh Arora,22A81A720001,Hostel Fee,5000.0,2023-24,2023-07-15 00:00:00+00:00
Suresh Arora,22A81A720001,Mess Fee,5000.0,2023-24,2023-07-15 00:00:00+00:00
Suresh Arora,22A81A720001,Tuition Fee,75000.0,2023-24,2023-07-15 00:00:00+00:00
Suresh Arora,22A81A720001,Exam Fee,3500.0,2023-24,2023-07-15 00:00:00+00:00
Suresh Arora,22A81A720001,Hostel Fee,5000.0,2023-24,2023-07-15 00:00:00+00:00
Suresh Arora,22A81A720001,Mess Fee,5000.0,2023-24,2023-07-15 00:00:00+00:00
Suresh Arora,22A81A720001,Tuition Fee,75000.0,2024-25,2024-07-15 00:00:00+00:00
Suresh Arora,22A81A720001,Exam Fee,3500.0,2024-25,2024-07-15 00:00:00+00:00
Suresh Arora,22A81A720001,Development Fee,15000.0,2024-25,2024-07-15 00:00:00+00:00
Suresh Arora,22A81A720001,Hostel Fee,5000.0,2024-25,2024-07-15 00:00:00+00:00
Suresh Arora,22A81A720001,Mess Fee,5000.0,2024-25,2024-07-15 00:00:00+00:00
Suresh Arora,22A81A720001,Tuition Fee,75000.0,2024-25,2024-07-15 00:00:00+00:00
Suresh Arora,22A81A720001,Exam Fee,3500.0,2024-25,2024-07-15 00:00:00+00:00
Suresh Arora,22A81A720001,Hostel Fee,5000.0,2024-25,2024-07-15 00:00:00+00:00
Suresh Arora,22A81A720001,Mess Fee,5000.0,2024-25,2024-07-15 00:00:00+00:00
Suresh Arora,22A81A720001,Tuition Fee,75000.0,2025-26,2025-07-15 00:00:00+00:00
Suresh Arora,22A81A720001,Exam Fee,3500.0,2025-26,2025-07-15 00:00:00+00:00
Suresh Arora,22A81A720001,Development Fee,15000.0,2025-26,2025-07-15 00:00:00+00:00
Suresh Arora,22A81A720001,Hostel Fee,5000.0,2025-26,2025-07-15 00:00:00+00:00
Suresh Arora,22A81A720001,Mess Fee,5000.0,2025-26,2025-07-15 00:00:00+00:00
Suresh Arora,22A81A720001,Tuition Fee,75000.0,2025-26,2025-07-15 00:00:00+00:00
Suresh Arora,22A81A720001,Exam Fee,3500.0,2025-26,2025-07-15 00:00:00+00:00
Suresh Arora,22A81A720001,Hostel Fee,5000.0,2025-26,2025-07-15 00:00:00+00:00
Suresh Arora,22A81A720001,Mess Fee,5000.0,2025-26,2025-07-15 00:00:00+00:00
Rahul Patel,22A81A720002,Tuition Fee,75000.0,2022-23,2022-07-15 00:00:00+00:00
Rahul Patel,22A81A720002,Exam Fee,3500.0,2022-23,2022-07-15 00:00:00+00:00
Rahul Patel,22A81A720002,Development Fee,15000.0,2022-23,2022-07-15 00:00:00+00:00
Rahul Patel,22A81A720002,Transport Fee,5000.0,2022-23,2022-07-15 00:00:00+00:00
Rahul Patel,22A81A720002,Tuition Fee,75000.0,2022-23,2022-07-15 00:00:00+00:00
Rahul Patel,22A81A720002,Exam Fee,3500.0,2022-23,2022-07-15 00:00:00+00:00
Rahul Patel,22A81A720002,Tuition Fee,75000.0,2023-24,2023-07-15 00:00:00+00:00
Rahul Patel,22A81A720002,Exam Fee,3500.0,2023-24,2023-07-15 00:00:00+00:00
Rahul Patel,22A81A720002,Development Fee,15000.0,2023-24,2023-07-15 00:00:00+00:00
Rahul Patel,22A81A720002,Transport Fee,5000.0,2023-24,2023-07-15 00:00:00+00:00
Rahul Patel,22A81A720002,Tuition Fee,75000.0,2023-24,2023-07-15 00:00:00+00:00
Rahul Patel,22A81A720002,Exam Fee,3500.0,2023-24,2023-07-15 00:00:00+00:00
Rahul Patel,22A81A720002,Tuition Fee,75000.0,2024-25,2024-07-15 00:00:00+00:00
Rahul Patel,22A81A720002,Exam Fee,3500.0,2024-25,2024-07-15 00:00:00+00:00
Rahul Patel,22A81A720002,Development Fee,15000.0,2024-25,2024-07-15 00:00:00+00:00
Rahul Patel,22A81A720002,Transport Fee,5000.0,2024-25,2024-07-15 00:00:00+00:00
Rahul Patel,22A81A720002,Tuition Fee,75000.0,2024-25,2024-07-15 00:00:00+00:00
Rahul Patel,22A81A720002,Exam Fee,3500.0,2024-25,2024-07-15 00:00:00+00:00
Rahul Patel,22A81A720002,Tuition Fee,75000.0,2025-26,2025-07-15 00:00:00+00:00
Rahul Patel,22A81A720002,Exam Fee,3500.0,2025-26,2025-07-15 00:00:00+00:00
Rahul Patel,22A81A720002,Development Fee,15000.0,2025-26,2025-07-15 00:00:00+00:00
Rahul Patel,22A81A720002,Transport Fee,5000.0,2025-26,2025-07-15 00:00:00+00:00
Rahul Patel,22A81A720002,Tuition Fee,75000.0,2025-26,2025-07-15 00:00:00+00:00
Rahul Patel,22A81A720002,Exam Fee,3500.0,2025-26,2025-07-15 00:00:00+00:00
Eswar Naidu,22A81A720003,Tuition Fee,75000.0,2022-23,2022-07-15 00:00:00+00:00
Eswar Naidu,22A81A720003,Exam Fee,3500.0,2022-23,2022-07-15 00:00:00+00:00
Eswar Naidu,22A81A720003,Development Fee,15000.0,2022-23,2022-07-15 00:00:00+00:00
Eswar Naidu,22A81A720003,Tuition Fee,75000.0,2022-23,2022-07-15 00:00:00+00:00
Eswar Naidu,22A81A720003,Exam Fee,3500.0,2022-23,2022-07-15 00:00:00+00:00
Eswar Naidu,22A81A720003,Tuition Fee,75000.0,2023-24,2023-07-15 00:00:00+00:00
Eswar Naidu,22A81A720003,Exam Fee,3500.0,2023-24,2023-07-15 00:00:00+00:00
Eswar Naidu,22A81A720003,Development Fee,15000.0,2023-24,2023-07-15 00:00:00+00:00
Eswar Naidu,22A81A720003,Tuition Fee,75000.0,2023-24,2023-07-15 00:00:00+00:00
Eswar Naidu,22A81A720003,Exam Fee,3500.0,2023-24,2023-07-15 00:00:00+00:00
Eswar Naidu,22A81A720003,Tuition Fee,75000.0,2024-25,2024-07-15 00:00:00+00:00
Eswar Naidu,22A81A720003,Exam Fee,3500.0,2024-25,2024-07-15 00:00:00+00:00
Eswar Naidu,22A81A720003,Development Fee,15000.0,2024-25,2024-07-15 00:00:00+00:00
Eswar Naidu,22A81A720003,Tuition Fee,75000.0,2024-25,2024-07-15 00:00:00+00:00
Eswar Naidu,22A81A720003,Exam Fee,3500.0,2024-25,2024-07-15 00:00:00+00:00
Eswar Naidu,22A81A720003,Tuition Fee,75000.0,2025-26,2025-07-15 00:00:00+00:00
Eswar Naidu,22A81A720003,Exam Fee,3500.0,2025-26,2025-07-15 00:00:00+00:00
Eswar Naidu,22A81A720003,Development Fee,15000.0,2025-26,2025-07-15 00:00:00+00:00
Eswar Naidu,22A81A720003,Tuition Fee,75000.0,2025-26,2025-07-15 00:00:00+00:00
Eswar Naidu,22A81A720003,Exam Fee,3500.0,2025-26,2025-07-15 00:00:00+00:00
Ranjith Naidu,22A81A720004,Tuition Fee,75000.0,2022-23,2022-07-15 00:00:00+00:00
Ranjith Naidu,22A81A720004,Exam Fee,3500.0,2022-23,2022-07-15 00:00:00+00:00
Ranjith Naidu,22A81A720004,Development Fee,15000.0,2022-23,2022-07-15 00:00:00+00:00
Ranjith Naidu,22A81A720004,Hostel Fee,5000.0,2022-23,2022-07-15 00:00:00+00:00
Ranjith Naidu,22A81A720004,Mess Fee,5000.0,2022-23,2022-07-15 00:00:00+00:00
Ranjith Naidu,22A81A720004,Tuition Fee,75000.0,2022-23,2022-07-15 00:00:00+00:00
Ranjith Naidu,22A81A720004,Exam Fee,3500.0,2022-23,2022-07-15 00:00:00+00:00
Ranjith Naidu,22A81A720004,Hostel Fee,5000.0,2022-23,2022-07-15 00:00:00+00:00
Ranjith Naidu,22A81A720004,Mess Fee,5000.0,2022-23,2022-07-15 00:00:00+00:00
Ranjith Naidu,22A81A720004,Tuition Fee,75000.0,2023-24,2023-07-15 00:00:00+00:00
Ranjith Naidu,22A81A720004,Exam Fee,3500.0,2023-24,2023-07-15 00:00:00+00:00
Ranjith Naidu,22A81A720004,Development Fee,15000.0,2023-24,2023-07-15 00:00:00+00:00
Ranjith Naidu,22A81A720004,Hostel Fee,5000.0,2023-24,2023-07-15 00:00:00+00:00
Ranjith Naidu,22A81A720004,Mess Fee,5000.0,2023-24,2023-07-15 00:00:00+00:00
Ranjith Naidu,22A81A720004,Tuition Fee,75000.0,2023-24,2023-07-15 00:00:00+00:00
Ranjith Naidu,22A81A720004,Exam Fee,3500.0,2023-24,2023-07-15 00:00:00+00:00
Ranjith Naidu,22A81A720004,Hostel Fee,5000.0,2023-24,2023-07-15 00:00:00+00:00
Ranjith Naidu,22A81A720004,Mess Fee,5000.0,2023-24,2023-07-15 00:00:00+00:00
Ranjith Naidu,22A81A720004,Tuition Fee,75000.0,2024-25,2024-07-15 00:00:00+00:00
Ranjith Naidu,22A81A720004,Exam Fee,3500.0,2024-25,2024-07-15 00:00:00+00:00
Ranjith Naidu,22A81A720004,Development Fee,15000.0,2024-25,2024-07-15 00:00:00+00:00
Ranjith Naidu,22A81A720004,Hostel Fee,5000.0,2024-25,2024-07-15 00:00:00+00:00
Ranjith Naidu,22A81A720004,Mess Fee,5000.0,2024-25,2024-07-15 00:00:00+00:00
Ranjith Naidu,22A81A720004,Tuition Fee,75000.0,2024-25,2024-07-15 00:00:00+00:00
Ranjith Naidu,22A81A720004,Exam Fee,3500.0,2024-25,2024-07-15 00:00:00+00:00
Ranjith Naidu,22A81A720004,Hostel Fee,5000.0,2024-25,2024-07-15 00:00:00+00:00
Ranjith Naidu,22A81A720004,Mess Fee,5000.0,2024-25,2024-07-15 00:00:00+00:00
Ranjith Naidu,22A81A720004,Tuition Fee,75000.0,2025-26,2025-07-15 00:00:00+00:00
Ranjith Naidu,22A81A720004,Exam Fee,3500.0,2025-26,2025-07-15 00:00:00+00:00
Ranjith Naidu,22A81A720004,Development Fee,15000.0,2025-26,2025-07-15 00:00:00+00:00
Ranjith Naidu,22A81A720004,Hostel Fee,5000.0,2025-26,2025-07-15 00:00:00+00:00
Ranjith Naidu,22A81A720004,Mess Fee,5000.0,2025-26,2025-07-15 00:00:00+00:00
Ranjith Naidu,22A81A720004,Tuition Fee,75000.0,2025-26,2025-07-15 00:00:00+00:00
Ranjith Naidu,22A81A720004,Exam Fee,3500.0,2025-26,2025-07-15 00:00:00+00:00
Ranjith Naidu,22A81A720004,Hostel Fee,5000.0,2025-26,2025-07-15 00:00:00+00:00
Ranjith Naidu,22A81A720004,Mess Fee,5000.0,2025-26,2025-07-15 00:00:00+00:00
Nikhil Tripathi,22A81A720005,Tuition Fee,75000.0,2022-23,2022-07-15 00:00:00+00:00
Nikhil Tripathi,22A81A720005,Exam Fee,3500.0,2022-23,2022-07-15 00:00:00+00:00
Nikhil Tripathi,22A81A720005,Development Fee,15000.0,2022-23,2022-07-15 00:00:00+00:00
Nikhil Tripathi,22A81A720005,Tuition Fee,75000.0,2022-23,2022-07-15 00:00:00+00:00
Nikhil Tripathi,22A81A720005,Exam Fee,3500.0,2022-23,2022-07-15 00:00:00+00:00
Nikhil Tripathi,22A81A720005,Tuition Fee,75000.0,2023-24,2023-07-15 00:00:00+00:00
Nikhil Tripathi,22A81A720005,Exam Fee,3500.0,2023-24,2023-07-15 00:00:00+00:00
Nikhil Tripathi,22A81A720005,Development Fee,15000.0,2023-24,2023-07-15 00:00:00+00:00
Nikhil Tripathi,22A81A720005,Tuition Fee,75000.0,2023-24,2023-07-15 00:00:00+00:00
Nikhil Tripathi,22A81A720005,Exam Fee,3500.0,2023-24,2023-07-15 00:00:00+00:00
Nikhil Tripathi,22A81A720005,Tuition Fee,75000.0,2024-25,2024-07-15 00:00:00+00:00
Nikhil Tripathi,22A81A720005,Exam Fee,3500.0,2024-25,2024-07-15 00:00:00+00:00
Nikhil Tripathi,22A81A720005,Development Fee,15000.0,2024-25,2024-07-15 00:00:00+00:00
Nikhil Tripathi,22A81A720005,Tuition Fee,75000.0,2024-25,2024-07-15 00:00:00+00:00
Nikhil Tripathi,22A81A720005,Exam Fee,3500.0,2024-25,2024-07-15 00:00:00+00:00
Nikhil Tripathi,22A81A720005,Tuition Fee,75000.0,2025-26,2025-07-15 00:00:00+00:00
Nikhil Tripathi,22A81A720005,Exam Fee,3500.0,2025-26,2025-07-15 00:00:00+00:00
Nikhil Tripathi,22A81A720005,Development Fee,15000.0,2025-26,2025-07-15 00:00:00+00:00
Nikhil Tripathi,22A81A720005,Tuition Fee,75000.0,2025-26,2025-07-15 00:00:00+00:00
Nikhil Tripathi,22A81A720005,Exam Fee,3500.0,2025-26,2025-07-15 00:00:00+00:00
Rohith Sinha,22A81A720006,Tuition Fee,75000.0,2022-23,2022-07-15 00:00:00+00:00
Rohith Sinha,22A81A720006,Exam Fee,3500.0,2022-23,2022-07-15 00:00:00+00:00
Rohith Sinha,22A81A720006,Development Fee,15000.0,2022-23,2022-07-15 00:00:00+00:00
Rohith Sinha,22A81A720006,Transport Fee,5000.0,2022-23,2022-07-15 00:00:00+00:00
Rohith Sinha,22A81A720006,Tuition Fee,75000.0,2022-23,2022-07-15 00:00:00+00:00
Rohith Sinha,22A81A720006,Exam Fee,3500.0,2022-23,2022-07-15 00:00:00+00:00
Rohith Sinha,22A81A720006,Tuition Fee,75000.0,2023-24,2023-07-15 00:00:00+00:00
Rohith Sinha,22A81A720006,Exam Fee,3500.0,2023-24,2023-07-15 00:00:00+00:00
Rohith Sinha,22A81A720006,Development Fee,15000.0,2023-24,2023-07-15 00:00:00+00:00
Rohith Sinha,22A81A720006,Transport Fee,5000.0,2023-24,2023-07-15 00:00:00+00:00
Rohith Sinha,22A81A720006,Tuition Fee,75000.0,2023-24,2023-07-15 00:00:00+00:00
Rohith Sinha,22A81A720006,Exam Fee,3500.0,2023-24,2023-07-15 00:00:00+00:00
Rohith Sinha,22A81A720006,Tuition Fee,75000.0,2024-25,2024-07-15 00:00:00+00:00
Rohith Sinha,22A81A720006,Exam Fee,3500.0,2024-25,2024-07-15 00:00:00+00:00
Rohith Sinha,22A81A720006,Development Fee,15000.0,2024-25,2024-07-15 00:00:00+00:00
Rohith Sinha,22A81A720006,Transport Fee,5000.0,2024-25,2024-07-15 00:00:00+00:00
Rohith Sinha,22A81A720006,Tuition Fee,75000.0,2024-25,2024-07-15 00:00:00+00:00
Rohith Sinha,22A81A720006,Exam Fee,3500.0,2024-25,2024-07-15 00:00:00+00:00
Rohith Sinha,22A81A720006,Tuition Fee,75000.0,2025-26,2025-07-15 00:00:00+00:00
Rohith Sinha,22A81A720006,Exam Fee,3500.0,2025-26,2025-07-15 00:00:00+00:00
Rohith Sinha,22A81A720006,Development Fee,15000.0,2025-26,2025-07-15 00:00:00+00:00
Rohith Sinha,22A81A720006,Transport Fee,5000.0,2025-26,2025-07-15 00:00:00+00:00
Rohith Sinha,22A81A720006,Tuition Fee,75000.0,2025-26,2025-07-15 00:00:00+00:00
Rohith Sinha,22A81A720006,Exam Fee,3500.0,2025-26,2025-07-15 00:00:00+00:00
Ravi Shah,22A81A720007,Tuition Fee,75000.0,2022-23,2022-07-15 00:00:00+00:00
Ravi Shah,22A81A720007,Exam Fee,3500.0,2022-23,2022-07-15 00:00:00+00:00
Ravi Shah,22A81A720007,Development Fee,15000.0,2022-23,2022-07-15 00:00:00+00:00
Ravi Shah,22A81A720007,Transport Fee,5000.0,2022-23,2022-07-15 00:00:00+00:00
Ravi Shah,22A81A720007,Tuition Fee,75000.0,2022-23,2022-07-15 00:00:00+00:00
Ravi Shah,22A81A720007,Exam Fee,3500.0,2022-23,2022-07-15 00:00:00+00:00
Ravi Shah,22A81A720007,Tuition Fee,75000.0,2023-24,2023-07-15 00:00:00+00:00
Ravi Shah,22A81A720007,Exam Fee,3500.0,2023-24,2023-07-15 00:00:00+00:00
Ravi Shah,22A81A720007,Development Fee,15000.0,2023-24,2023-07-15 00:00:00+00:00
Ravi Shah,22A81A720007,Transport Fee,5000.0,2023-24,2023-07-15 00:00:00+00:00
Ravi Shah,22A81A720007,Tuition Fee,75000.0,2023-24,2023-07-15 00:00:00+00:00
Ravi Shah,22A81A720007,Exam Fee,3500.0,2023-24,2023-07-15 00:00:00+00:00
Ravi Shah,22A81A720007,Tuition Fee,75000.0,2024-25,2024-07-15 00:00:00+00:00
Ravi Shah,22A81A720007,Exam Fee,3500.0,2024-25,2024-07-15 00:00:00+00:00
Ravi Shah,22A81A720007,Development Fee,15000.0,2024-25,2024-07-15 00:00:00+00:00
Ravi Shah,22A81A720007,Transport Fee,5000.0,2024-25,2024-07-15 00:00:00+00:00
Ravi Shah,22A81A720007,Tuition Fee,75000.0,2024-25,2024-07-15 00:00:00+00:00
Ravi Shah,22A81A720007,Exam Fee,3500.0,2024-25,2024-07-15 00:00:00+00:00
Ravi Shah,22A81A720007,Tuition Fee,75000.0,2025-26,2025-07-15 00:00:00+00:00
Ravi Shah,22A81A720007,Exam Fee,3500.0,2025-26,2025-07-15 00:00:00+00:00
Ravi Shah,22A81A720007,Development Fee,15000.0,2025-26,2025-07-15 00:00:00+00:00
Ravi Shah,22A81A720007,Transport Fee,5000.0,2025-26,2025-07-15 00:00:00+00:00
Ravi Shah,22A81A720007,Tuition Fee,75000.0,2025-26,2025-07-15 00:00:00+00:00
Ravi Shah,22A81A720007,Exam Fee,3500.0,2025-26,2025-07-15 00:00:00+00:00
Qasim Tripathi,23A81A720001,Tuition Fee,75000.0,2023-24,2023-07-15 00:00:00+00:00
Qasim Tripathi,23A81A720001,Exam Fee,3500.0,2023-24,2023-07-15 00:00:00+00:00
Qasim Tripathi,23A81A720001,Development Fee,15000.0,2023-24,2023-07-15 00:00:00+00:00
Qasim Tripathi,23A81A720001,Tuition Fee,75000.0,2023-24,2023-07-15 00:00:00+00:00
Qasim Tripathi,23A81A720001,Exam Fee,3500.0,2023-24,2023-07-15 00:00:00+00:00
Qasim Tripathi,23A81A720001,Tuition Fee,75000.0,2024-25,2024-07-15 00:00:00+00:00
Qasim Tripathi,23A81A720001,Exam Fee,3500.0,2024-25,2024-07-15 00:00:00+00:00
Qasim Tripathi,23A81A720001,Development Fee,15000.0,2024-25,2024-07-15 00:00:00+00:00
Qasim Tripathi,23A81A720001,Tuition Fee,75000.0,2024-25,2024-07-15 00:00:00+00:00
Qasim Tripathi,23A81A720001,Exam Fee,3500.0,2024-25,2024-07-15 00:00:00+00:00
Qasim Tripathi,23A81A720001,Tuition Fee,75000.0,2025-26,2025-07-15 00:00:00+00:00
Qasim Tripathi,23A81A720001,Exam Fee,3500.0,2025-26,2025-07-15 00:00:00+00:00
Qasim Tripathi,23A81A720001,Development Fee,15000.0,2025-26,2025-07-15 00:00:00+00:00
Qasim Tripathi,23A81A720001,Tuition Fee,75000.0,2025-26,2025-07-15 00:00:00+00:00
Qasim Tripathi,23A81A720001,Exam Fee,3500.0,2025-26,2025-07-15 00:00:00+00:00
Ramana Shah,23A81A720002,Tuition Fee,75000.0,2023-24,2023-07-15 00:00:00+00:00
Ramana Shah,23A81A720002,Exam Fee,3500.0,2023-24,2023-07-15 00:00:00+00:00
Ramana Shah,23A81A720002,Development Fee,15000.0,2023-24,2023-07-15 00:00:00+00:00
Ramana Shah,23A81A720002,Hostel Fee,5000.0,2023-24,2023-07-15 00:00:00+00:00
Ramana Shah,23A81A720002,Mess Fee,5000.0,2023-24,2023-07-15 00:00:00+00:00
Ramana Shah,23A81A720002,Tuition Fee,75000.0,2023-24,2023-07-15 00:00:00+00:00
Ramana Shah,23A81A720002,Exam Fee,3500.0,2023-24,2023-07-15 00:00:00+00:00
Ramana Shah,23A81A720002,Hostel Fee,5000.0,2023-24,2023-07-15 00:00:00+00:00
Ramana Shah,23A81A720002,Mess Fee,5000.0,2023-24,2023-07-15 00:00:00+00:00
Ramana Shah,23A81A720002,Tuition Fee,75000.0,2024-25,2024-07-15 00:00:00+00:00
Ramana Shah,23A81A720002,Exam Fee,3500.0,2024-25,2024-07-15 00:00:00+00:00
Ramana Shah,23A81A720002,Development Fee,15000.0,2024-25,2024-07-15 00:00:00+00:00
Ramana Shah,23A81A720002,Hostel Fee,5000.0,2024-25,2024-07-15 00:00:00+00:00
Ramana Shah,23A81A720002,Mess Fee,5000.0,2024-25,2024-07-15 00:00:00+00:00
Ramana Shah,23A81A720002,Tuition Fee,75000.0,2024-25,2024-07-15 00:00:00+00:00
Ramana Shah,23A81A720002,Exam Fee,3500.0,2024-25,2024-07-15 00:00:00+00:00
Ramana Shah,23A81A720002,Hostel Fee,5000.0,2024-25,2024-07-15 00:00:00+00:00
Ramana Shah,23A81A720002,Mess Fee,5000.0,2024-25,2024-07-15 00:00:00+00:00
Ramana Shah,23A81A720002,Tuition Fee,75000.0,2025-26,2025-07-15 00:00:00+00:00
Ramana Shah,23A81A720002,Exam Fee,3500.0,2025-26,2025-07-15 00:00:00+00:00
Ramana Shah,23A81A720002,Development Fee,15000.0,2025-26,2025-07-15 00:00:00+00:00
Ramana Shah,23A81A720002,Hostel Fee,5000.0,2025-26,2025-07-15 00:00:00+00:00
Ramana Shah,23A81A720002,Mess Fee,5000.0,2025-26,2025-07-15 00:00:00+00:00
Ramana Shah,23A81A720002,Tuition Fee,75000.0,2025-26,2025-07-15 00:00:00+00:00
Ramana Shah,23A81A720002,Exam Fee,3500.0,2025-26,2025-07-15 00:00:00+00:00
Ramana Shah,23A81A720002,Hostel Fee,5000.0,2025-26,2025-07-15 00:00:00+00:00
Ramana Shah,23A81A720002,Mess Fee,5000.0,2025-26,2025-07-15 00:00:00+00:00
Sandeep Anand,23A81A720003,Tuition Fee,75000.0,2023-24,2023-07-15 00:00:00+00:00
Sandeep Anand,23A81A720003,Exam Fee,3500.0,2023-24,2023-07-15 00:00:00+00:00
Sandeep Anand,23A81A720003,Development Fee,15000.0,2023-24,2023-07-15 00:00:00+00:00
Sandeep Anand,23A81A720003,Transport Fee,5000.0,2023-24,2023-07-15 00:00:00+00:00
Sandeep Anand,23A81A720003,Tuition Fee,75000.0,2023-24,2023-07-15 00:00:00+00:00
Sandeep Anand,23A81A720003,Exam Fee,3500.0,2023-24,2023-07-15 00:00:00+00:00
Sandeep Anand,23A81A720003,Tuition Fee,75000.0,2024-25,2024-07-15 00:00:00+00:00
Sandeep Anand,23A81A720003,Exam Fee,3500.0,2024-25,2024-07-15 00:00:00+00:00
Sandeep Anand,23A81A720003,Development Fee,15000.0,2024-25,2024-07-15 00:00:00+00:00
Sandeep Anand,23A81A720003,Transport Fee,5000.0,2024-25,2024-07-15 00:00:00+00:00
Sandeep Anand,23A81A720003,Tuition Fee,75000.0,2024-25,2024-07-15 00:00:00+00:00
Sandeep Anand,23A81A720003,Exam Fee,3500.0,2024-25,2024-07-15 00:00:00+00:00
Sandeep Anand,23A81A720003,Tuition Fee,75000.0,2025-26,2025-07-15 00:00:00+00:00
Sandeep Anand,23A81A720003,Exam Fee,3500.0,2025-26,2025-07-15 00:00:00+00:00
Sandeep Anand,23A81A720003,Development Fee,15000.0,2025-26,2025-07-15 00:00:00+00:00
Sandeep Anand,23A81A720003,Transport Fee,5000.0,2025-26,2025-07-15 00:00:00+00:00
Sandeep Anand,23A81A720003,Tuition Fee,75000.0,2025-26,2025-07-15 00:00:00+00:00
Sandeep Anand,23A81A720003,Exam Fee,3500.0,2025-26,2025-07-15 00:00:00+00:00
Uday Joshi,23A81A720004,Tuition Fee,75000.0,2023-24,2023-07-15 00:00:00+00:00
Uday Joshi,23A81A720004,Exam Fee,3500.0,2023-24,2023-07-15 00:00:00+00:00
Uday Joshi,23A81A720004,Development Fee,15000.0,2023-24,2023-07-15 00:00:00+00:00
Uday Joshi,23A81A720004,Hostel Fee,5000.0,2023-24,2023-07-15 00:00:00+00:00
Uday Joshi,23A81A720004,Mess Fee,5000.0,2023-24,2023-07-15 00:00:00+00:00
Uday Joshi,23A81A720004,Tuition Fee,75000.0,2023-24,2023-07-15 00:00:00+00:00
Uday Joshi,23A81A720004,Exam Fee,3500.0,2023-24,2023-07-15 00:00:00+00:00
Uday Joshi,23A81A720004,Hostel Fee,5000.0,2023-24,2023-07-15 00:00:00+00:00
Uday Joshi,23A81A720004,Mess Fee,5000.0,2023-24,2023-07-15 00:00:00+00:00
Uday Joshi,23A81A720004,Tuition Fee,75000.0,2024-25,2024-07-15 00:00:00+00:00
Uday Joshi,23A81A720004,Exam Fee,3500.0,2024-25,2024-07-15 00:00:00+00:00
Uday Joshi,23A81A720004,Development Fee,15000.0,2024-25,2024-07-15 00:00:00+00:00
Uday Joshi,23A81A720004,Hostel Fee,5000.0,2024-25,2024-07-15 00:00:00+00:00
Uday Joshi,23A81A720004,Mess Fee,5000.0,2024-25,2024-07-15 00:00:00+00:00
Uday Joshi,23A81A720004,Tuition Fee,75000.0,2024-25,2024-07-15 00:00:00+00:00
Uday Joshi,23A81A720004,Exam Fee,3500.0,2024-25,2024-07-15 00:00:00+00:00
Uday Joshi,23A81A720004,Hostel Fee,5000.0,2024-25,2024-07-15 00:00:00+00:00
Uday Joshi,23A81A720004,Mess Fee,5000.0,2024-25,2024-07-15 00:00:00+00:00
Uday Joshi,23A81A720004,Tuition Fee,75000.0,2025-26,2025-07-15 00:00:00+00:00
Uday Joshi,23A81A720004,Exam Fee,3500.0,2025-26,2025-07-15 00:00:00+00:00
Uday Joshi,23A81A720004,Development Fee,15000.0,2025-26,2025-07-15 00:00:00+00:00
Uday Joshi,23A81A720004,Hostel Fee,5000.0,2025-26,2025-07-15 00:00:00+00:00
Uday Joshi,23A81A720004,Mess Fee,5000.0,2025-26,2025-07-15 00:00:00+00:00
Uday Joshi,23A81A720004,Tuition Fee,75000.0,2025-26,2025-07-15 00:00:00+00:00
Uday Joshi,23A81A720004,Exam Fee,3500.0,2025-26,2025-07-15 00:00:00+00:00
Uday Joshi,23A81A720004,Hostel Fee,5000.0,2025-26,2025-07-15 00:00:00+00:00
Uday Joshi,23A81A720004,Mess Fee,5000.0,2025-26,2025-07-15 00:00:00+00:00
Raghav Desai,23A81A720005,Tuition Fee,75000.0,2023-24,2023-07-15 00:00:00+00:00
Raghav Desai,23A81A720005,Exam Fee,3500.0,2023-24,2023-07-15 00:00:00+00:00
Raghav Desai,23A81A720005,Development Fee,15000.0,2023-24,2023-07-15 00:00:00+00:00
Raghav Desai,23A81A720005,Transport Fee,5000.0,2023-24,2023-07-15 00:00:00+00:00
Raghav Desai,23A81A720005,Tuition Fee,75000.0,2023-24,2023-07-15 00:00:00+00:00
Raghav Desai,23A81A720005,Exam Fee,3500.0,2023-24,2023-07-15 00:00:00+00:00
Raghav Desai,23A81A720005,Tuition Fee,75000.0,2024-25,2024-07-15 00:00:00+00:00
Raghav Desai,23A81A720005,Exam Fee,3500.0,2024-25,2024-07-15 00:00:00+00:00
Raghav Desai,23A81A720005,Development Fee,15000.0,2024-25,2024-07-15 00:00:00+00:00
Raghav Desai,23A81A720005,Transport Fee,5000.0,2024-25,2024-07-15 00:00:00+00:00
Raghav Desai,23A81A720005,Tuition Fee,75000.0,2024-25,2024-07-15 00:00:00+00:00
Raghav Desai,23A81A720005,Exam Fee,3500.0,2024-25,2024-07-15 00:00:00+00:00
Raghav Desai,23A81A720005,Tuition Fee,75000.0,2025-26,2025-07-15 00:00:00+00:00
Raghav Desai,23A81A720005,Exam Fee,3500.0,2025-26,2025-07-15 00:00:00+00:00
Raghav Desai,23A81A720005,Development Fee,15000.0,2025-26,2025-07-15 00:00:00+00:00
Raghav Desai,23A81A720005,Transport Fee,5000.0,2025-26,2025-07-15 00:00:00+00:00
Raghav Desai,23A81A720005,Tuition Fee,75000.0,2025-26,2025-07-15 00:00:00+00:00
Raghav Desai,23A81A720005,Exam Fee,3500.0,2025-26,2025-07-15 00:00:00+00:00
Srinath Tripathi,23A81A720006,Tuition Fee,75000.0,2023-24,2023-07-15 00:00:00+00:00
Srinath Tripathi,23A81A720006,Exam Fee,3500.0,2023-24,2023-07-15 00:00:00+00:00
Srinath Tripathi,23A81A720006,Development Fee,15000.0,2023-24,2023-07-15 00:00:00+00:00
Srinath Tripathi,23A81A720006,Tuition Fee,75000.0,2023-24,2023-07-15 00:00:00+00:00
Srinath Tripathi,23A81A720006,Exam Fee,3500.0,2023-24,2023-07-15 00:00:00+00:00
Srinath Tripathi,23A81A720006,Tuition Fee,75000.0,2024-25,2024-07-15 00:00:00+00:00
Srinath Tripathi,23A81A720006,Exam Fee,3500.0,2024-25,2024-07-15 00:00:00+00:00
Srinath Tripathi,23A81A720006,Development Fee,15000.0,2024-25,2024-07-15 00:00:00+00:00
Srinath Tripathi,23A81A720006,Tuition Fee,75000.0,2024-25,2024-07-15 00:00:00+00:00
Srinath Tripathi,23A81A720006,Exam Fee,3500.0,2024-25,2024-07-15 00:00:00+00:00
Srinath Tripathi,23A81A720006,Tuition Fee,75000.0,2025-26,2025-07-15 00:00:00+00:00
Srinath Tripathi,23A81A720006,Exam Fee,3500.0,2025-26,2025-07-15 00:00:00+00:00
Srinath Tripathi,23A81A720006,Development Fee,15000.0,2025-26,2025-07-15 00:00:00+00:00
Srinath Tripathi,23A81A720006,Tuition Fee,75000.0,2025-26,2025-07-15 00:00:00+00:00
Srinath Tripathi,23A81A720006,Exam Fee,3500.0,2025-26,2025-07-15 00:00:00+00:00
Ashwini Desai,23A81A720007,Tuition Fee,75000.0,2023-24,2023-07-15 00:00:00+00:00
Ashwini Desai,23A81A720007,Exam Fee,3500.0,2023-24,2023-07-15 00:00:00+00:00
Ashwini Desai,23A81A720007,Development Fee,15000.0,2023-24,2023-07-15 00:00:00+00:00
Ashwini Desai,23A81A720007,Hostel Fee,5000.0,2023-24,2023-07-15 00:00:00+00:00
Ashwini Desai,23A81A720007,Mess Fee,5000.0,2023-24,2023-07-15 00:00:00+00:00
Ashwini Desai,23A81A720007,Tuition Fee,75000.0,2023-24,2023-07-15 00:00:00+00:00
Ashwini Desai,23A81A720007,Exam Fee,3500.0,2023-24,2023-07-15 00:00:00+00:00
Ashwini Desai,23A81A720007,Hostel Fee,5000.0,2023-24,2023-07-15 00:00:00+00:00
Ashwini Desai,23A81A720007,Mess Fee,5000.0,2023-24,2023-07-15 00:00:00+00:00
Ashwini Desai,23A81A720007,Tuition Fee,75000.0,2024-25,2024-07-15 00:00:00+00:00
Ashwini Desai,23A81A720007,Exam Fee,3500.0,2024-25,2024-07-15 00:00:00+00:00
Ashwini Desai,23A81A720007,Development Fee,15000.0,2024-25,2024-07-15 00:00:00+00:00
Ashwini Desai,23A81A720007,Hostel Fee,5000.0,2024-25,2024-07-15 00:00:00+00:00
Ashwini Desai,23A81A720007,Mess Fee,5000.0,2024-25,2024-07-15 00:00:00+00:00
Ashwini Desai,23A81A720007,Tuition Fee,75000.0,2024-25,2024-07-15 00:00:00+00:00
Ashwini Desai,23A81A720007,Exam Fee,3500.0,2024-25,2024-07-15 00:00:00+00:00
Ashwini Desai,23A81A720007,Hostel Fee,5000.0,2024-25,2024-07-15 00:00:00+00:00
Ashwini Desai,23A81A720007,Mess Fee,5000.0,2024-25,2024-07-15 00:00:00+00:00
Ashwini Desai,23A81A720007,Tuition Fee,75000.0,2025-26,2025-07-15 00:00:00+00:00
Ashwini Desai,23A81A720007,Exam Fee,3500.0,2025-26,2025-07-15 00:00:00+00:00
Ashwini Desai,23A81A720007,Development Fee,15000.0,2025-26,2025-07-15 00:00:00+00:00
Ashwini Desai,23A81A720007,Hostel Fee,5000.0,2025-26,2025-07-15 00:00:00+00:00
Ashwini Desai,23A81A720007,Mess Fee,5000.0,2025-26,2025-07-15 00:00:00+00:00
Ashwini Desai,23A81A720007,Tuition Fee,75000.0,2025-26,2025-07-15 00:00:00+00:00
Ashwini Desai,23A81A720007,Exam Fee,3500.0,2025-26,2025-07-15 00:00:00+00:00
Ashwini Desai,23A81A720007,Hostel Fee,5000.0,2025-26,2025-07-15 00:00:00+00:00
Ashwini Desai,23A81A720007,Mess Fee,5000.0,2025-26,2025-07-15 00:00:00+00:00
Aakash Pandey,23A81A720008,Tuition Fee,75000.0,2023-24,2023-07-15 00:00:00+00:00
Aakash Pandey,23A81A720008,Exam Fee,3500.0,2023-24,2023-07-15 00:00:00+00:00
Aakash Pandey,23A81A720008,Development Fee,15000.0,2023-24,2023-07-15 00:00:00+00:00
Aakash Pandey,23A81A720008,Tuition Fee,75000.0,2023-24,2023-07-15 00:00:00+00:00
Aakash Pandey,23A81A720008,Exam Fee,3500.0,2023-24,2023-07-15 00:00:00+00:00
Aakash Pandey,23A81A720008,Tuition Fee,75000.0,2024-25,2024-07-15 00:00:00+00:00
Aakash Pandey,23A81A720008,Exam Fee,3500.0,2024-25,2024-07-15 00:00:00+00:00
Aakash Pandey,23A81A720008,Development Fee,15000.0,2024-25,2024-07-15 00:00:00+00:00
Aakash Pandey,23A81A720008,Tuition Fee,75000.0,2024-25,2024-07-15 00:00:00+00:00
Aakash Pandey,23A81A720008,Exam Fee,3500.0,2024-25,2024-07-15 00:00:00+00:00
Aakash Pandey,23A81A720008,Tuition Fee,75000.0,2025-26,2025-07-15 00:00:00+00:00
Aakash Pandey,23A81A720008,Exam Fee,3500.0,2025-26,2025-07-15 00:00:00+00:00
Aakash Pandey,23A81A720008,Development Fee,15000.0,2025-26,2025-07-15 00:00:00+00:00
Aakash Pandey,23A81A720008,Tuition Fee,75000.0,2025-26,2025-07-15 00:00:00+00:00
Aakash Pandey,23A81A720008,Exam Fee,3500.0,2025-26,2025-07-15 00:00:00+00:00
Rohith Malhotra,23A81A720009,Tuition Fee,75000.0,2023-24,2023-07-15 00:00:00+00:00
Rohith Malhotra,23A81A720009,Exam Fee,3500.0,2023-24,2023-07-15 00:00:00+00:00
Rohith Malhotra,23A81A720009,Development Fee,15000.0,2023-24,2023-07-15 00:00:00+00:00
Rohith Malhotra,23A81A720009,Tuition Fee,75000.0,2023-24,2023-07-15 00:00:00+00:00
Rohith Malhotra,23A81A720009,Exam Fee,3500.0,2023-24,2023-07-15 00:00:00+00:00
Rohith Malhotra,23A81A720009,Tuition Fee,75000.0,2024-25,2024-07-15 00:00:00+00:00
Rohith Malhotra,23A81A720009,Exam Fee,3500.0,2024-25,2024-07-15 00:00:00+00:00
Rohith Malhotra,23A81A720009,Development Fee,15000.0,2024-25,2024-07-15 00:00:00+00:00
Rohith Malhotra,23A81A720009,Tuition Fee,75000.0,2024-25,2024-07-15 00:00:00+00:00
Rohith Malhotra,23A81A720009,Exam Fee,3500.0,2024-25,2024-07-15 00:00:00+00:00
Rohith Malhotra,23A81A720009,Tuition Fee,75000.0,2025-26,2025-07-15 00:00:00+00:00
Rohith Malhotra,23A81A720009,Exam Fee,3500.0,2025-26,2025-07-15 00:00:00+00:00
Rohith Malhotra,23A81A720009,Development Fee,15000.0,2025-26,2025-07-15 00:00:00+00:00
Rohith Malhotra,23A81A720009,Tuition Fee,75000.0,2025-26,2025-07-15 00:00:00+00:00
Rohith Malhotra,23A81A720009,Exam Fee,3500.0,2025-26,2025-07-15 00:00:00+00:00
Bindhu Murthy,23A81A720010,Tuition Fee,75000.0,2023-24,2023-07-15 00:00:00+00:00
Bindhu Murthy,23A81A720010,Exam Fee,3500.0,2023-24,2023-07-15 00:00:00+00:00
Bindhu Murthy,23A81A720010,Development Fee,15000.0,2023-24,2023-07-15 00:00:00+00:00
Bindhu Murthy,23A81A720010,Transport Fee,5000.0,2023-24,2023-07-15 00:00:00+00:00
Bindhu Murthy,23A81A720010,Tuition Fee,75000.0,2023-24,2023-07-15 00:00:00+00:00
Bindhu Murthy,23A81A720010,Exam Fee,3500.0,2023-24,2023-07-15 00:00:00+00:00
Bindhu Murthy,23A81A720010,Tuition Fee,75000.0,2024-25,2024-07-15 00:00:00+00:00
Bindhu Murthy,23A81A720010,Exam Fee,3500.0,2024-25,2024-07-15 00:00:00+00:00
Bindhu Murthy,23A81A720010,Development Fee,15000.0,2024-25,2024-07-15 00:00:00+00:00
Bindhu Murthy,23A81A720010,Transport Fee,5000.0,2024-25,2024-07-15 00:00:00+00:00
Bindhu Murthy,23A81A720010,Tuition Fee,75000.0,2024-25,2024-07-15 00:00:00+00:00
Bindhu Murthy,23A81A720010,Exam Fee,3500.0,2024-25,2024-07-15 00:00:00+00:00
Bindhu Murthy,23A81A720010,Tuition Fee,75000.0,2025-26,2025-07-15 00:00:00+00:00
Bindhu Murthy,23A81A720010,Exam Fee,3500.0,2025-26,2025-07-15 00:00:00+00:00
Bindhu Murthy,23A81A720010,Development Fee,15000.0,2025-26,2025-07-15 00:00:00+00:00
Bindhu Murthy,23A81A720010,Transport Fee,5000.0,2025-26,2025-07-15 00:00:00+00:00
Bindhu Murthy,23A81A720010,Tuition Fee,75000.0,2025-26,2025-07-15 00:00:00+00:00
Bindhu Murthy,23A81A720010,Exam Fee,3500.0,2025-26,2025-07-15 00:00:00+00:00
Ishaan Murthy,23A81A720011,Tuition Fee,75000.0,2023-24,2023-07-15 00:00:00+00:00
Ishaan Murthy,23A81A720011,Exam Fee,3500.0,2023-24,2023-07-15 00:00:00+00:00
Ishaan Murthy,23A81A720011,Development Fee,15000.0,2023-24,2023-07-15 00:00:00+00:00
Ishaan Murthy,23A81A720011,Tuition Fee,75000.0,2023-24,2023-07-15 00:00:00+00:00
Ishaan Murthy,23A81A720011,Exam Fee,3500.0,2023-24,2023-07-15 00:00:00+00:00
Ishaan Murthy,23A81A720011,Tuition Fee,75000.0,2024-25,2024-07-15 00:00:00+00:00
Ishaan Murthy,23A81A720011,Exam Fee,3500.0,2024-25,2024-07-15 00:00:00+00:00
Ishaan Murthy,23A81A720011,Development Fee,15000.0,2024-25,2024-07-15 00:00:00+00:00
Ishaan Murthy,23A81A720011,Tuition Fee,75000.0,2024-25,2024-07-15 00:00:00+00:00
Ishaan Murthy,23A81A720011,Exam Fee,3500.0,2024-25,2024-07-15 00:00:00+00:00
Ishaan Murthy,23A81A720011,Tuition Fee,75000.0,2025-26,2025-07-15 00:00:00+00:00
Ishaan Murthy,23A81A720011,Exam Fee,3500.0,2025-26,2025-07-15 00:00:00+00:00
Ishaan Murthy,23A81A720011,Development Fee,15000.0,2025-26,2025-07-15 00:00:00+00:00
Ishaan Murthy,23A81A720011,Tuition Fee,75000.0,2025-26,2025-07-15 00:00:00+00:00
Ishaan Murthy,23A81A720011,Exam Fee,3500.0,2025-26,2025-07-15 00:00:00+00:00
Sravani Kumar,23A81A720012,Tuition Fee,75000.0,2023-24,2023-07-15 00:00:00+00:00
Sravani Kumar,23A81A720012,Exam Fee,3500.0,2023-24,2023-07-15 00:00:00+00:00
Sravani Kumar,23A81A720012,Development Fee,15000.0,2023-24,2023-07-15 00:00:00+00:00
Sravani Kumar,23A81A720012,Hostel Fee,5000.0,2023-24,2023-07-15 00:00:00+00:00
Sravani Kumar,23A81A720012,Mess Fee,5000.0,2023-24,2023-07-15 00:00:00+00:00
Sravani Kumar,23A81A720012,Tuition Fee,75000.0,2023-24,2023-07-15 00:00:00+00:00
Sravani Kumar,23A81A720012,Exam Fee,3500.0,2023-24,2023-07-15 00:00:00+00:00
Sravani Kumar,23A81A720012,Hostel Fee,5000.0,2023-24,2023-07-15 00:00:00+00:00
Sravani Kumar,23A81A720012,Mess Fee,5000.0,2023-24,2023-07-15 00:00:00+00:00
Sravani Kumar,23A81A720012,Tuition Fee,75000.0,2024-25,2024-07-15 00:00:00+00:00
Sravani Kumar,23A81A720012,Exam Fee,3500.0,2024-25,2024-07-15 00:00:00+00:00
Sravani Kumar,23A81A720012,Development Fee,15000.0,2024-25,2024-07-15 00:00:00+00:00
Sravani Kumar,23A81A720012,Hostel Fee,5000.0,2024-25,2024-07-15 00:00:00+00:00
Sravani Kumar,23A81A720012,Mess Fee,5000.0,2024-25,2024-07-15 00:00:00+00:00
Sravani Kumar,23A81A720012,Tuition Fee,75000.0,2024-25,2024-07-15 00:00:00+00:00
Sravani Kumar,23A81A720012,Exam Fee,3500.0,2024-25,2024-07-15 00:00:00+00:00
Sravani Kumar,23A81A720012,Hostel Fee,5000.0,2024-25,2024-07-15 00:00:00+00:00
Sravani Kumar,23A81A720012,Mess Fee,5000.0,2024-25,2024-07-15 00:00:00+00:00
Sravani Kumar,23A81A720012,Tuition Fee,75000.0,2025-26,2025-07-15 00:00:00+00:00
Sravani Kumar,23A81A720012,Exam Fee,3500.0,2025-26,2025-07-15 00:00:00+00:00
Sravani Kumar,23A81A720012,Development Fee,15000.0,2025-26,2025-07-15 00:00:00+00:00
Sravani Kumar,23A81A720012,Hostel Fee,5000.0,2025-26,2025-07-15 00:00:00+00:00
Sravani Kumar,23A81A720012,Mess Fee,5000.0,2025-26,2025-07-15 00:00:00+00:00
Sravani Kumar,23A81A720012,Tuition Fee,75000.0,2025-26,2025-07-15 00:00:00+00:00
Sravani Kumar,23A81A720012,Exam Fee,3500.0,2025-26,2025-07-15 00:00:00+00:00
Sravani Kumar,23A81A720012,Hostel Fee,5000.0,2025-26,2025-07-15 00:00:00+00:00
Sravani Kumar,23A81A720012,Mess Fee,5000.0,2025-26,2025-07-15 00:00:00+00:00
Vyshnavi Natarajan,24A81A720001,Tuition Fee,75000.0,2024-25,2024-07-15 00:00:00+00:00
Vyshnavi Natarajan,24A81A720001,Exam Fee,3500.0,2024-25,2024-07-15 00:00:00+00:00
Vyshnavi Natarajan,24A81A720001,Development Fee,15000.0,2024-25,2024-07-15 00:00:00+00:00
Vyshnavi Natarajan,24A81A720001,Transport Fee,5000.0,2024-25,2024-07-15 00:00:00+00:00
Vyshnavi Natarajan,24A81A720001,Tuition Fee,75000.0,2024-25,2024-07-15 00:00:00+00:00
Vyshnavi Natarajan,24A81A720001,Exam Fee,3500.0,2024-25,2024-07-15 00:00:00+00:00
Vyshnavi Natarajan,24A81A720001,Tuition Fee,75000.0,2025-26,2025-07-15 00:00:00+00:00
Vyshnavi Natarajan,24A81A720001,Exam Fee,3500.0,2025-26,2025-07-15 00:00:00+00:00
Vyshnavi Natarajan,24A81A720001,Development Fee,15000.0,2025-26,2025-07-15 00:00:00+00:00
Vyshnavi Natarajan,24A81A720001,Transport Fee,5000.0,2025-26,2025-07-15 00:00:00+00:00
Vyshnavi Natarajan,24A81A720001,Tuition Fee,75000.0,2025-26,2025-07-15 00:00:00+00:00
Vyshnavi Natarajan,24A81A720001,Exam Fee,3500.0,2025-26,2025-07-15 00:00:00+00:00
Charitha Patel,24A81A720002,Tuition Fee,75000.0,2024-25,2024-07-15 00:00:00+00:00
Charitha Patel,24A81A720002,Exam Fee,3500.0,2024-25,2024-07-15 00:00:00+00:00
Charitha Patel,24A81A720002,Development Fee,15000.0,2024-25,2024-07-15 00:00:00+00:00
Charitha Patel,24A81A720002,Tuition Fee,75000.0,2024-25,2024-07-15 00:00:00+00:00
Charitha Patel,24A81A720002,Exam Fee,3500.0,2024-25,2024-07-15 00:00:00+00:00
Charitha Patel,24A81A720002,Tuition Fee,75000.0,2025-26,2025-07-15 00:00:00+00:00
Charitha Patel,24A81A720002,Exam Fee,3500.0,2025-26,2025-07-15 00:00:00+00:00
Charitha Patel,24A81A720002,Development Fee,15000.0,2025-26,2025-07-15 00:00:00+00:00
Charitha Patel,24A81A720002,Tuition Fee,75000.0,2025-26,2025-07-15 00:00:00+00:00
Charitha Patel,24A81A720002,Exam Fee,3500.0,2025-26,2025-07-15 00:00:00+00:00
Jyothi Arora,24A81A720003,Tuition Fee,75000.0,2024-25,2024-07-15 00:00:00+00:00
Jyothi Arora,24A81A720003,Exam Fee,3500.0,2024-25,2024-07-15 00:00:00+00:00
Jyothi Arora,24A81A720003,Development Fee,15000.0,2024-25,2024-07-15 00:00:00+00:00
Jyothi Arora,24A81A720003,Tuition Fee,75000.0,2024-25,2024-07-15 00:00:00+00:00
Jyothi Arora,24A81A720003,Exam Fee,3500.0,2024-25,2024-07-15 00:00:00+00:00
Jyothi Arora,24A81A720003,Tuition Fee,75000.0,2025-26,2025-07-15 00:00:00+00:00
Jyothi Arora,24A81A720003,Exam Fee,3500.0,2025-26,2025-07-15 00:00:00+00:00
Jyothi Arora,24A81A720003,Development Fee,15000.0,2025-26,2025-07-15 00:00:00+00:00
Jyothi Arora,24A81A720003,Tuition Fee,75000.0,2025-26,2025-07-15 00:00:00+00:00
Jyothi Arora,24A81A720003,Exam Fee,3500.0,2025-26,2025-07-15 00:00:00+00:00
Amarnath Babu,24A81A720004,Tuition Fee,75000.0,2024-25,2024-07-15 00:00:00+00:00
Amarnath Babu,24A81A720004,Exam Fee,3500.0,2024-25,2024-07-15 00:00:00+00:00
Amarnath Babu,24A81A720004,Development Fee,15000.0,2024-25,2024-07-15 00:00:00+00:00
Amarnath Babu,24A81A720004,Tuition Fee,75000.0,2024-25,2024-07-15 00:00:00+00:00
Amarnath Babu,24A81A720004,Exam Fee,3500.0,2024-25,2024-07-15 00:00:00+00:00
Amarnath Babu,24A81A720004,Tuition Fee,75000.0,2025-26,2025-07-15 00:00:00+00:00
Amarnath Babu,24A81A720004,Exam Fee,3500.0,2025-26,2025-07-15 00:00:00+00:00
Amarnath Babu,24A81A720004,Development Fee,15000.0,2025-26,2025-07-15 00:00:00+00:00
Amarnath Babu,24A81A720004,Tuition Fee,75000.0,2025-26,2025-07-15 00:00:00+00:00
Amarnath Babu,24A81A720004,Exam Fee,3500.0,2025-26,2025-07-15 00:00:00+00:00
Sudhakar Anand,24A81A720005,Tuition Fee,75000.0,2024-25,2024-07-15 00:00:00+00:00
Sudhakar Anand,24A81A720005,Exam Fee,3500.0,2024-25,2024-07-15 00:00:00+00:00
Sudhakar Anand,24A81A720005,Development Fee,15000.0,2024-25,2024-07-15 00:00:00+00:00
Sudhakar Anand,24A81A720005,Tuition Fee,75000.0,2024-25,2024-07-15 00:00:00+00:00
Sudhakar Anand,24A81A720005,Exam Fee,3500.0,2024-25,2024-07-15 00:00:00+00:00
Sudhakar Anand,24A81A720005,Tuition Fee,75000.0,2025-26,2025-07-15 00:00:00+00:00
Sudhakar Anand,24A81A720005,Exam Fee,3500.0,2025-26,2025-07-15 00:00:00+00:00
Sudhakar Anand,24A81A720005,Development Fee,15000.0,2025-26,2025-07-15 00:00:00+00:00
Sudhakar Anand,24A81A720005,Tuition Fee,75000.0,2025-26,2025-07-15 00:00:00+00:00
Sudhakar Anand,24A81A720005,Exam Fee,3500.0,2025-26,2025-07-15 00:00:00+00:00
Nandini Joshi,24A81A720006,Tuition Fee,75000.0,2024-25,2024-07-15 00:00:00+00:00
Nandini Joshi,24A81A720006,Exam Fee,3500.0,2024-25,2024-07-15 00:00:00+00:00
Nandini Joshi,24A81A720006,Development Fee,15000.0,2024-25,2024-07-15 00:00:00+00:00
Nandini Joshi,24A81A720006,Tuition Fee,75000.0,2024-25,2024-07-15 00:00:00+00:00
Nandini Joshi,24A81A720006,Exam Fee,3500.0,2024-25,2024-07-15 00:00:00+00:00
Nandini Joshi,24A81A720006,Tuition Fee,75000.0,2025-26,2025-07-15 00:00:00+00:00
Nandini Joshi,24A81A720006,Exam Fee,3500.0,2025-26,2025-07-15 00:00:00+00:00
Nandini Joshi,24A81A720006,Development Fee,15000.0,2025-26,2025-07-15 00:00:00+00:00
Nandini Joshi,24A81A720006,Tuition Fee,75000.0,2025-26,2025-07-15 00:00:00+00:00
Nandini Joshi,24A81A720006,Exam Fee,3500.0,2025-26,2025-07-15 00:00:00+00:00
Dileep Mehta,24A81A720007,Mess Fee,5000.0,2025-26,2025-07-15 00:00:00+00:00
Dileep Mehta,24A81A720007,Tuition Fee,75000.0,2024-25,2024-07-15 00:00:00+00:00
Dileep Mehta,24A81A720007,Exam Fee,3500.0,2024-25,2024-07-15 00:00:00+00:00
Dileep Mehta,24A81A720007,Development Fee,15000.0,2024-25,2024-07-15 00:00:00+00:00
Dileep Mehta,24A81A720007,Hostel Fee,5000.0,2024-25,2024-07-15 00:00:00+00:00
Dileep Mehta,24A81A720007,Mess Fee,5000.0,2024-25,2024-07-15 00:00:00+00:00
Dileep Mehta,24A81A720007,Tuition Fee,75000.0,2024-25,2024-07-15 00:00:00+00:00
Dileep Mehta,24A81A720007,Exam Fee,3500.0,2024-25,2024-07-15 00:00:00+00:00
Dileep Mehta,24A81A720007,Hostel Fee,5000.0,2024-25,2024-07-15 00:00:00+00:00
Dileep Mehta,24A81A720007,Mess Fee,5000.0,2024-25,2024-07-15 00:00:00+00:00
Dileep Mehta,24A81A720007,Tuition Fee,75000.0,2025-26,2025-07-15 00:00:00+00:00
Dileep Mehta,24A81A720007,Exam Fee,3500.0,2025-26,2025-07-15 00:00:00+00:00
Dileep Mehta,24A81A720007,Development Fee,15000.0,2025-26,2025-07-15 00:00:00+00:00
Dileep Mehta,24A81A720007,Hostel Fee,5000.0,2025-26,2025-07-15 00:00:00+00:00
Dileep Mehta,24A81A720007,Tuition Fee,75000.0,2025-26,2025-07-15 00:00:00+00:00
Dileep Mehta,24A81A720007,Exam Fee,3500.0,2025-26,2025-07-15 00:00:00+00:00
Dileep Mehta,24A81A720007,Hostel Fee,5000.0,2025-26,2025-07-15 00:00:00+00:00
Dileep Mehta,24A81A720007,Mess Fee,5000.0,2025-26,2025-07-15 00:00:00+00:00
Lokesh Mishra,24A81A720008,Tuition Fee,75000.0,2024-25,2024-07-15 00:00:00+00:00
Lokesh Mishra,24A81A720008,Exam Fee,3500.0,2024-25,2024-07-15 00:00:00+00:00
Lokesh Mishra,24A81A720008,Development Fee,15000.0,2024-25,2024-07-15 00:00:00+00:00
Lokesh Mishra,24A81A720008,Tuition Fee,75000.0,2024-25,2024-07-15 00:00:00+00:00
Lokesh Mishra,24A81A720008,Exam Fee,3500.0,2024-25,2024-07-15 00:00:00+00:00
Lokesh Mishra,24A81A720008,Tuition Fee,75000.0,2025-26,2025-07-15 00:00:00+00:00
Lokesh Mishra,24A81A720008,Exam Fee,3500.0,2025-26,2025-07-15 00:00:00+00:00
Lokesh Mishra,24A81A720008,Development Fee,15000.0,2025-26,2025-07-15 00:00:00+00:00
Lokesh Mishra,24A81A720008,Tuition Fee,75000.0,2025-26,2025-07-15 00:00:00+00:00
Lokesh Mishra,24A81A720008,Exam Fee,3500.0,2025-26,2025-07-15 00:00:00+00:00
Sreedevi Rao,24A81A720009,Tuition Fee,75000.0,2024-25,2024-07-15 00:00:00+00:00
Sreedevi Rao,24A81A720009,Exam Fee,3500.0,2024-25,2024-07-15 00:00:00+00:00
Sreedevi Rao,24A81A720009,Development Fee,15000.0,2024-25,2024-07-15 00:00:00+00:00
Sreedevi Rao,24A81A720009,Transport Fee,5000.0,2024-25,2024-07-15 00:00:00+00:00
Sreedevi Rao,24A81A720009,Tuition Fee,75000.0,2024-25,2024-07-15 00:00:00+00:00
Sreedevi Rao,24A81A720009,Exam Fee,3500.0,2024-25,2024-07-15 00:00:00+00:00
Sreedevi Rao,24A81A720009,Tuition Fee,75000.0,2025-26,2025-07-15 00:00:00+00:00
Sreedevi Rao,24A81A720009,Exam Fee,3500.0,2025-26,2025-07-15 00:00:00+00:00
Sreedevi Rao,24A81A720009,Development Fee,15000.0,2025-26,2025-07-15 00:00:00+00:00
Sreedevi Rao,24A81A720009,Transport Fee,5000.0,2025-26,2025-07-15 00:00:00+00:00
Sreedevi Rao,24A81A720009,Tuition Fee,75000.0,2025-26,2025-07-15 00:00:00+00:00
Sreedevi Rao,24A81A720009,Exam Fee,3500.0,2025-26,2025-07-15 00:00:00+00:00
Omkar Kaur,24A81A720010,Tuition Fee,75000.0,2024-25,2024-07-15 00:00:00+00:00
Omkar Kaur,24A81A720010,Exam Fee,3500.0,2024-25,2024-07-15 00:00:00+00:00
Omkar Kaur,24A81A720010,Development Fee,15000.0,2024-25,2024-07-15 00:00:00+00:00
Omkar Kaur,24A81A720010,Hostel Fee,5000.0,2024-25,2024-07-15 00:00:00+00:00
Omkar Kaur,24A81A720010,Mess Fee,5000.0,2024-25,2024-07-15 00:00:00+00:00
Omkar Kaur,24A81A720010,Tuition Fee,75000.0,2024-25,2024-07-15 00:00:00+00:00
Omkar Kaur,24A81A720010,Exam Fee,3500.0,2024-25,2024-07-15 00:00:00+00:00
Omkar Kaur,24A81A720010,Hostel Fee,5000.0,2024-25,2024-07-15 00:00:00+00:00
Omkar Kaur,24A81A720010,Mess Fee,5000.0,2024-25,2024-07-15 00:00:00+00:00
Omkar Kaur,24A81A720010,Tuition Fee,75000.0,2025-26,2025-07-15 00:00:00+00:00
Omkar Kaur,24A81A720010,Exam Fee,3500.0,2025-26,2025-07-15 00:00:00+00:00
Omkar Kaur,24A81A720010,Development Fee,15000.0,2025-26,2025-07-15 00:00:00+00:00
Omkar Kaur,24A81A720010,Hostel Fee,5000.0,2025-26,2025-07-15 00:00:00+00:00
Omkar Kaur,24A81A720010,Mess Fee,5000.0,2025-26,2025-07-15 00:00:00+00:00
Omkar Kaur,24A81A720010,Tuition Fee,75000.0,2025-26,2025-07-15 00:00:00+00:00
Omkar Kaur,24A81A720010,Exam Fee,3500.0,2025-26,2025-07-15 00:00:00+00:00
Omkar Kaur,24A81A720010,Hostel Fee,5000.0,2025-26,2025-07-15 00:00:00+00:00
Omkar Kaur,24A81A720010,Mess Fee,5000.0,2025-26,2025-07-15 00:00:00+00:00
Charitha Babu,24A81A720011,Tuition Fee,75000.0,2024-25,2024-07-15 00:00:00+00:00
Charitha Babu,24A81A720011,Exam Fee,3500.0,2024-25,2024-07-15 00:00:00+00:00
Charitha Babu,24A81A720011,Development Fee,15000.0,2024-25,2024-07-15 00:00:00+00:00
Charitha Babu,24A81A720011,Hostel Fee,5000.0,2024-25,2024-07-15 00:00:00+00:00
Charitha Babu,24A81A720011,Mess Fee,5000.0,2024-25,2024-07-15 00:00:00+00:00
Charitha Babu,24A81A720011,Tuition Fee,75000.0,2024-25,2024-07-15 00:00:00+00:00
Charitha Babu,24A81A720011,Exam Fee,3500.0,2024-25,2024-07-15 00:00:00+00:00
Charitha Babu,24A81A720011,Hostel Fee,5000.0,2024-25,2024-07-15 00:00:00+00:00
Charitha Babu,24A81A720011,Mess Fee,5000.0,2024-25,2024-07-15 00:00:00+00:00
Charitha Babu,24A81A720011,Tuition Fee,75000.0,2025-26,2025-07-15 00:00:00+00:00
Charitha Babu,24A81A720011,Exam Fee,3500.0,2025-26,2025-07-15 00:00:00+00:00
Charitha Babu,24A81A720011,Development Fee,15000.0,2025-26,2025-07-15 00:00:00+00:00
Charitha Babu,24A81A720011,Hostel Fee,5000.0,2025-26,2025-07-15 00:00:00+00:00
Charitha Babu,24A81A720011,Mess Fee,5000.0,2025-26,2025-07-15 00:00:00+00:00
Charitha Babu,24A81A720011,Tuition Fee,75000.0,2025-26,2025-07-15 00:00:00+00:00
Charitha Babu,24A81A720011,Exam Fee,3500.0,2025-26,2025-07-15 00:00:00+00:00
Charitha Babu,24A81A720011,Hostel Fee,5000.0,2025-26,2025-07-15 00:00:00+00:00
Charitha Babu,24A81A720011,Mess Fee,5000.0,2025-26,2025-07-15 00:00:00+00:00
Nithish Kapoor,24A81A720012,Tuition Fee,75000.0,2024-25,2024-07-15 00:00:00+00:00
Nithish Kapoor,24A81A720012,Exam Fee,3500.0,2024-25,2024-07-15 00:00:00+00:00
Nithish Kapoor,24A81A720012,Development Fee,15000.0,2024-25,2024-07-15 00:00:00+00:00
Nithish Kapoor,24A81A720012,Tuition Fee,75000.0,2024-25,2024-07-15 00:00:00+00:00
Nithish Kapoor,24A81A720012,Exam Fee,3500.0,2024-25,2024-07-15 00:00:00+00:00
Nithish Kapoor,24A81A720012,Tuition Fee,75000.0,2025-26,2025-07-15 00:00:00+00:00
Nithish Kapoor,24A81A720012,Exam Fee,3500.0,2025-26,2025-07-15 00:00:00+00:00
Nithish Kapoor,24A81A720012,Development Fee,15000.0,2025-26,2025-07-15 00:00:00+00:00
Nithish Kapoor,24A81A720012,Tuition Fee,75000.0,2025-26,2025-07-15 00:00:00+00:00
Nithish Kapoor,24A81A720012,Exam Fee,3500.0,2025-26,2025-07-15 00:00:00+00:00
Lavanya Arora,25A81A720001,Tuition Fee,75000.0,2025-26,2025-07-15 00:00:00+00:00
Lavanya Arora,25A81A720001,Exam Fee,3500.0,2025-26,2025-07-15 00:00:00+00:00
Lavanya Arora,25A81A720001,Development Fee,15000.0,2025-26,2025-07-15 00:00:00+00:00
Lavanya Arora,25A81A720001,Tuition Fee,75000.0,2025-26,2025-07-15 00:00:00+00:00
Lavanya Arora,25A81A720001,Exam Fee,3500.0,2025-26,2025-07-15 00:00:00+00:00
Deepak Chowdary,25A81A720002,Tuition Fee,75000.0,2025-26,2025-07-15 00:00:00+00:00
Deepak Chowdary,25A81A720002,Exam Fee,3500.0,2025-26,2025-07-15 00:00:00+00:00
Deepak Chowdary,25A81A720002,Development Fee,15000.0,2025-26,2025-07-15 00:00:00+00:00
Deepak Chowdary,25A81A720002,Hostel Fee,5000.0,2025-26,2025-07-15 00:00:00+00:00
Deepak Chowdary,25A81A720002,Mess Fee,5000.0,2025-26,2025-07-15 00:00:00+00:00
Deepak Chowdary,25A81A720002,Tuition Fee,75000.0,2025-26,2025-07-15 00:00:00+00:00
Deepak Chowdary,25A81A720002,Exam Fee,3500.0,2025-26,2025-07-15 00:00:00+00:00
Deepak Chowdary,25A81A720002,Hostel Fee,5000.0,2025-26,2025-07-15 00:00:00+00:00
Deepak Chowdary,25A81A720002,Mess Fee,5000.0,2025-26,2025-07-15 00:00:00+00:00
Lavanya Chowdary,25A81A720003,Tuition Fee,75000.0,2025-26,2025-07-15 00:00:00+00:00
Lavanya Chowdary,25A81A720003,Exam Fee,3500.0,2025-26,2025-07-15 00:00:00+00:00
Lavanya Chowdary,25A81A720003,Development Fee,15000.0,2025-26,2025-07-15 00:00:00+00:00
Lavanya Chowdary,25A81A720003,Transport Fee,5000.0,2025-26,2025-07-15 00:00:00+00:00
Lavanya Chowdary,25A81A720003,Tuition Fee,75000.0,2025-26,2025-07-15 00:00:00+00:00
Lavanya Chowdary,25A81A720003,Exam Fee,3500.0,2025-26,2025-07-15 00:00:00+00:00
Eswar Arora,25A81A720004,Tuition Fee,75000.0,2025-26,2025-07-15 00:00:00+00:00
Eswar Arora,25A81A720004,Exam Fee,3500.0,2025-26,2025-07-15 00:00:00+00:00
Eswar Arora,25A81A720004,Development Fee,15000.0,2025-26,2025-07-15 00:00:00+00:00
Eswar Arora,25A81A720004,Hostel Fee,5000.0,2025-26,2025-07-15 00:00:00+00:00
Eswar Arora,25A81A720004,Mess Fee,5000.0,2025-26,2025-07-15 00:00:00+00:00
Eswar Arora,25A81A720004,Tuition Fee,75000.0,2025-26,2025-07-15 00:00:00+00:00
Eswar Arora,25A81A720004,Exam Fee,3500.0,2025-26,2025-07-15 00:00:00+00:00
Eswar Arora,25A81A720004,Hostel Fee,5000.0,2025-26,2025-07-15 00:00:00+00:00
Eswar Arora,25A81A720004,Mess Fee,5000.0,2025-26,2025-07-15 00:00:00+00:00
Dinesh Reddy,25A81A720005,Tuition Fee,75000.0,2025-26,2025-07-15 00:00:00+00:00
Dinesh Reddy,25A81A720005,Exam Fee,3500.0,2025-26,2025-07-15 00:00:00+00:00
Dinesh Reddy,25A81A720005,Development Fee,15000.0,2025-26,2025-07-15 00:00:00+00:00
Dinesh Reddy,25A81A720005,Transport Fee,5000.0,2025-26,2025-07-15 00:00:00+00:00
Dinesh Reddy,25A81A720005,Tuition Fee,75000.0,2025-26,2025-07-15 00:00:00+00:00
Dinesh Reddy,25A81A720005,Exam Fee,3500.0,2025-26,2025-07-15 00:00:00+00:00
Eesha Rao,25A81A720006,Tuition Fee,75000.0,2025-26,2025-07-15 00:00:00+00:00
Eesha Rao,25A81A720006,Exam Fee,3500.0,2025-26,2025-07-15 00:00:00+00:00
Eesha Rao,25A81A720006,Development Fee,15000.0,2025-26,2025-07-15 00:00:00+00:00
Eesha Rao,25A81A720006,Hostel Fee,5000.0,2025-26,2025-07-15 00:00:00+00:00
Eesha Rao,25A81A720006,Mess Fee,5000.0,2025-26,2025-07-15 00:00:00+00:00
Eesha Rao,25A81A720006,Tuition Fee,75000.0,2025-26,2025-07-15 00:00:00+00:00
Eesha Rao,25A81A720006,Exam Fee,3500.0,2025-26,2025-07-15 00:00:00+00:00
Eesha Rao,25A81A720006,Hostel Fee,5000.0,2025-26,2025-07-15 00:00:00+00:00
Eesha Rao,25A81A720006,Mess Fee,5000.0,2025-26,2025-07-15 00:00:00+00:00
Pavani Sharma,25A81A720007,Tuition Fee,75000.0,2025-26,2025-07-15 00:00:00+00:00
Pavani Sharma,25A81A720007,Exam Fee,3500.0,2025-26,2025-07-15 00:00:00+00:00
Pavani Sharma,25A81A720007,Development Fee,15000.0,2025-26,2025-07-15 00:00:00+00:00
Pavani Sharma,25A81A720007,Tuition Fee,75000.0,2025-26,2025-07-15 00:00:00+00:00
Pavani Sharma,25A81A720007,Exam Fee,3500.0,2025-26,2025-07-15 00:00:00+00:00
Rohith Arora,25A81A720008,Tuition Fee,75000.0,2025-26,2025-07-15 00:00:00+00:00
Rohith Arora,25A81A720008,Exam Fee,3500.0,2025-26,2025-07-15 00:00:00+00:00
Rohith Arora,25A81A720008,Development Fee,15000.0,2025-26,2025-07-15 00:00:00+00:00
Rohith Arora,25A81A720008,Tuition Fee,75000.0,2025-26,2025-07-15 00:00:00+00:00
Rohith Arora,25A81A720008,Exam Fee,3500.0,2025-26,2025-07-15 00:00:00+00:00
Dharani Mehta,25A81A720009,Tuition Fee,75000.0,2025-26,2025-07-15 00:00:00+00:00
Dharani Mehta,25A81A720009,Exam Fee,3500.0,2025-26,2025-07-15 00:00:00+00:00
Dharani Mehta,25A81A720009,Development Fee,15000.0,2025-26,2025-07-15 00:00:00+00:00
Dharani Mehta,25A81A720009,Tuition Fee,75000.0,2025-26,2025-07-15 00:00:00+00:00
Dharani Mehta,25A81A720009,Exam Fee,3500.0,2025-26,2025-07-15 00:00:00+00:00
Bhavana Varma,22A81A720008,Tuition Fee,75000.0,2024-25,2024-07-15 00:00:00+00:00
Bhavana Varma,22A81A720008,Tuition Fee,75000.0,2022-23,2022-07-15 00:00:00+00:00
Bhavana Varma,22A81A720008,Exam Fee,3500.0,2022-23,2022-07-15 00:00:00+00:00
Bhavana Varma,22A81A720008,Development Fee,15000.0,2022-23,2022-07-15 00:00:00+00:00
Bhavana Varma,22A81A720008,Hostel Fee,5000.0,2022-23,2022-07-15 00:00:00+00:00
Bhavana Varma,22A81A720008,Mess Fee,5000.0,2022-23,2022-07-15 00:00:00+00:00
Bhavana Varma,22A81A720008,Tuition Fee,75000.0,2022-23,2022-07-15 00:00:00+00:00
Bhavana Varma,22A81A720008,Exam Fee,3500.0,2022-23,2022-07-15 00:00:00+00:00
Bhavana Varma,22A81A720008,Hostel Fee,5000.0,2022-23,2022-07-15 00:00:00+00:00
Bhavana Varma,22A81A720008,Mess Fee,5000.0,2022-23,2022-07-15 00:00:00+00:00
Bhavana Varma,22A81A720008,Tuition Fee,75000.0,2023-24,2023-07-15 00:00:00+00:00
Bhavana Varma,22A81A720008,Exam Fee,3500.0,2023-24,2023-07-15 00:00:00+00:00
Bhavana Varma,22A81A720008,Development Fee,15000.0,2023-24,2023-07-15 00:00:00+00:00
Bhavana Varma,22A81A720008,Hostel Fee,5000.0,2023-24,2023-07-15 00:00:00+00:00
Bhavana Varma,22A81A720008,Mess Fee,5000.0,2023-24,2023-07-15 00:00:00+00:00
Bhavana Varma,22A81A720008,Tuition Fee,75000.0,2023-24,2023-07-15 00:00:00+00:00
Bhavana Varma,22A81A720008,Exam Fee,3500.0,2023-24,2023-07-15 00:00:00+00:00
Bhavana Varma,22A81A720008,Hostel Fee,5000.0,2023-24,2023-07-15 00:00:00+00:00
Bhavana Varma,22A81A720008,Mess Fee,5000.0,2023-24,2023-07-15 00:00:00+00:00
Bhavana Varma,22A81A720008,Tuition Fee,75000.0,2024-25,2024-07-15 00:00:00+00:00
Bhavana Varma,22A81A720008,Exam Fee,3500.0,2024-25,2024-07-15 00:00:00+00:00
Bhavana Varma,22A81A720008,Development Fee,15000.0,2024-25,2024-07-15 00:00:00+00:00
Bhavana Varma,22A81A720008,Hostel Fee,5000.0,2024-25,2024-07-15 00:00:00+00:00
Bhavana Varma,22A81A720008,Mess Fee,5000.0,2024-25,2024-07-15 00:00:00+00:00
Bhavana Varma,22A81A720008,Exam Fee,3500.0,2024-25,2024-07-15 00:00:00+00:00
Bhavana Varma,22A81A720008,Hostel Fee,5000.0,2024-25,2024-07-15 00:00:00+00:00
Bhavana Varma,22A81A720008,Mess Fee,5000.0,2024-25,2024-07-15 00:00:00+00:00
Bhavana Varma,22A81A720008,Tuition Fee,75000.0,2025-26,2025-07-15 00:00:00+00:00
Bhavana Varma,22A81A720008,Exam Fee,3500.0,2025-26,2025-07-15 00:00:00+00:00
Bhavana Varma,22A81A720008,Development Fee,15000.0,2025-26,2025-07-15 00:00:00+00:00
Bhavana Varma,22A81A720008,Hostel Fee,5000.0,2025-26,2025-07-15 00:00:00+00:00
Bhavana Varma,22A81A720008,Mess Fee,5000.0,2025-26,2025-07-15 00:00:00+00:00
Bhavana Varma,22A81A720008,Tuition Fee,75000.0,2025-26,2025-07-15 00:00:00+00:00
Bhavana Varma,22A81A720008,Exam Fee,3500.0,2025-26,2025-07-15 00:00:00+00:00
Bhavana Varma,22A81A720008,Hostel Fee,5000.0,2025-26,2025-07-15 00:00:00+00:00
Bhavana Varma,22A81A720008,Mess Fee,5000.0,2025-26,2025-07-15 00:00:00+00:00
Srinath Desai,22A81A720009,Tuition Fee,75000.0,2022-23,2022-07-15 00:00:00+00:00
Srinath Desai,22A81A720009,Exam Fee,3500.0,2022-23,2022-07-15 00:00:00+00:00
Srinath Desai,22A81A720009,Development Fee,15000.0,2022-23,2022-07-15 00:00:00+00:00
Srinath Desai,22A81A720009,Tuition Fee,75000.0,2022-23,2022-07-15 00:00:00+00:00
Srinath Desai,22A81A720009,Exam Fee,3500.0,2022-23,2022-07-15 00:00:00+00:00
Srinath Desai,22A81A720009,Tuition Fee,75000.0,2023-24,2023-07-15 00:00:00+00:00
Srinath Desai,22A81A720009,Exam Fee,3500.0,2023-24,2023-07-15 00:00:00+00:00
Srinath Desai,22A81A720009,Development Fee,15000.0,2023-24,2023-07-15 00:00:00+00:00
Srinath Desai,22A81A720009,Tuition Fee,75000.0,2023-24,2023-07-15 00:00:00+00:00
Srinath Desai,22A81A720009,Exam Fee,3500.0,2023-24,2023-07-15 00:00:00+00:00
Srinath Desai,22A81A720009,Tuition Fee,75000.0,2024-25,2024-07-15 00:00:00+00:00
Srinath Desai,22A81A720009,Exam Fee,3500.0,2024-25,2024-07-15 00:00:00+00:00
Srinath Desai,22A81A720009,Development Fee,15000.0,2024-25,2024-07-15 00:00:00+00:00
Srinath Desai,22A81A720009,Tuition Fee,75000.0,2024-25,2024-07-15 00:00:00+00:00
Srinath Desai,22A81A720009,Exam Fee,3500.0,2024-25,2024-07-15 00:00:00+00:00
Srinath Desai,22A81A720009,Tuition Fee,75000.0,2025-26,2025-07-15 00:00:00+00:00
Srinath Desai,22A81A720009,Exam Fee,3500.0,2025-26,2025-07-15 00:00:00+00:00
Srinath Desai,22A81A720009,Development Fee,15000.0,2025-26,2025-07-15 00:00:00+00:00
Srinath Desai,22A81A720009,Tuition Fee,75000.0,2025-26,2025-07-15 00:00:00+00:00
Srinath Desai,22A81A720009,Exam Fee,3500.0,2025-26,2025-07-15 00:00:00+00:00
Tejasvi Pandey,22A81A720010,Tuition Fee,75000.0,2022-23,2022-07-15 00:00:00+00:00
Tejasvi Pandey,22A81A720010,Exam Fee,3500.0,2022-23,2022-07-15 00:00:00+00:00
Tejasvi Pandey,22A81A720010,Development Fee,15000.0,2022-23,2022-07-15 00:00:00+00:00
Tejasvi Pandey,22A81A720010,Tuition Fee,75000.0,2022-23,2022-07-15 00:00:00+00:00
Tejasvi Pandey,22A81A720010,Exam Fee,3500.0,2022-23,2022-07-15 00:00:00+00:00
Tejasvi Pandey,22A81A720010,Tuition Fee,75000.0,2023-24,2023-07-15 00:00:00+00:00
Tejasvi Pandey,22A81A720010,Exam Fee,3500.0,2023-24,2023-07-15 00:00:00+00:00
Tejasvi Pandey,22A81A720010,Development Fee,15000.0,2023-24,2023-07-15 00:00:00+00:00
Tejasvi Pandey,22A81A720010,Tuition Fee,75000.0,2023-24,2023-07-15 00:00:00+00:00
Tejasvi Pandey,22A81A720010,Exam Fee,3500.0,2023-24,2023-07-15 00:00:00+00:00
Tejasvi Pandey,22A81A720010,Tuition Fee,75000.0,2024-25,2024-07-15 00:00:00+00:00
Tejasvi Pandey,22A81A720010,Exam Fee,3500.0,2024-25,2024-07-15 00:00:00+00:00
Tejasvi Pandey,22A81A720010,Development Fee,15000.0,2024-25,2024-07-15 00:00:00+00:00
Tejasvi Pandey,22A81A720010,Tuition Fee,75000.0,2024-25,2024-07-15 00:00:00+00:00
Tejasvi Pandey,22A81A720010,Exam Fee,3500.0,2024-25,2024-07-15 00:00:00+00:00
Tejasvi Pandey,22A81A720010,Tuition Fee,75000.0,2025-26,2025-07-15 00:00:00+00:00
Tejasvi Pandey,22A81A720010,Exam Fee,3500.0,2025-26,2025-07-15 00:00:00+00:00
Tejasvi Pandey,22A81A720010,Development Fee,15000.0,2025-26,2025-07-15 00:00:00+00:00
Tejasvi Pandey,22A81A720010,Tuition Fee,75000.0,2025-26,2025-07-15 00:00:00+00:00
Tejasvi Pandey,22A81A720010,Exam Fee,3500.0,2025-26,2025-07-15 00:00:00+00:00
Divya Raju,22A81A720011,Tuition Fee,75000.0,2022-23,2022-07-15 00:00:00+00:00
Divya Raju,22A81A720011,Exam Fee,3500.0,2022-23,2022-07-15 00:00:00+00:00
Divya Raju,22A81A720011,Development Fee,15000.0,2022-23,2022-07-15 00:00:00+00:00
Divya Raju,22A81A720011,Transport Fee,5000.0,2022-23,2022-07-15 00:00:00+00:00
Divya Raju,22A81A720011,Tuition Fee,75000.0,2022-23,2022-07-15 00:00:00+00:00
Divya Raju,22A81A720011,Exam Fee,3500.0,2022-23,2022-07-15 00:00:00+00:00
Divya Raju,22A81A720011,Tuition Fee,75000.0,2023-24,2023-07-15 00:00:00+00:00
Divya Raju,22A81A720011,Exam Fee,3500.0,2023-24,2023-07-15 00:00:00+00:00
Divya Raju,22A81A720011,Development Fee,15000.0,2023-24,2023-07-15 00:00:00+00:00
Divya Raju,22A81A720011,Transport Fee,5000.0,2023-24,2023-07-15 00:00:00+00:00
Divya Raju,22A81A720011,Tuition Fee,75000.0,2023-24,2023-07-15 00:00:00+00:00
Divya Raju,22A81A720011,Exam Fee,3500.0,2023-24,2023-07-15 00:00:00+00:00
Divya Raju,22A81A720011,Tuition Fee,75000.0,2024-25,2024-07-15 00:00:00+00:00
Divya Raju,22A81A720011,Exam Fee,3500.0,2024-25,2024-07-15 00:00:00+00:00
Divya Raju,22A81A720011,Development Fee,15000.0,2024-25,2024-07-15 00:00:00+00:00
Divya Raju,22A81A720011,Transport Fee,5000.0,2024-25,2024-07-15 00:00:00+00:00
Divya Raju,22A81A720011,Tuition Fee,75000.0,2024-25,2024-07-15 00:00:00+00:00
Divya Raju,22A81A720011,Exam Fee,3500.0,2024-25,2024-07-15 00:00:00+00:00
Divya Raju,22A81A720011,Tuition Fee,75000.0,2025-26,2025-07-15 00:00:00+00:00
Divya Raju,22A81A720011,Exam Fee,3500.0,2025-26,2025-07-15 00:00:00+00:00
Divya Raju,22A81A720011,Development Fee,15000.0,2025-26,2025-07-15 00:00:00+00:00
Divya Raju,22A81A720011,Transport Fee,5000.0,2025-26,2025-07-15 00:00:00+00:00
Divya Raju,22A81A720011,Tuition Fee,75000.0,2025-26,2025-07-15 00:00:00+00:00
Divya Raju,22A81A720011,Exam Fee,3500.0,2025-26,2025-07-15 00:00:00+00:00
Deepak Joshi,22A81A720012,Tuition Fee,75000.0,2022-23,2022-07-15 00:00:00+00:00
Deepak Joshi,22A81A720012,Exam Fee,3500.0,2022-23,2022-07-15 00:00:00+00:00
Deepak Joshi,22A81A720012,Development Fee,15000.0,2022-23,2022-07-15 00:00:00+00:00
Deepak Joshi,22A81A720012,Hostel Fee,5000.0,2022-23,2022-07-15 00:00:00+00:00
Deepak Joshi,22A81A720012,Mess Fee,5000.0,2022-23,2022-07-15 00:00:00+00:00
Deepak Joshi,22A81A720012,Tuition Fee,75000.0,2022-23,2022-07-15 00:00:00+00:00
Deepak Joshi,22A81A720012,Exam Fee,3500.0,2022-23,2022-07-15 00:00:00+00:00
Deepak Joshi,22A81A720012,Hostel Fee,5000.0,2022-23,2022-07-15 00:00:00+00:00
Deepak Joshi,22A81A720012,Mess Fee,5000.0,2022-23,2022-07-15 00:00:00+00:00
Deepak Joshi,22A81A720012,Tuition Fee,75000.0,2023-24,2023-07-15 00:00:00+00:00
Deepak Joshi,22A81A720012,Exam Fee,3500.0,2023-24,2023-07-15 00:00:00+00:00
Deepak Joshi,22A81A720012,Development Fee,15000.0,2023-24,2023-07-15 00:00:00+00:00
Deepak Joshi,22A81A720012,Hostel Fee,5000.0,2023-24,2023-07-15 00:00:00+00:00
Deepak Joshi,22A81A720012,Mess Fee,5000.0,2023-24,2023-07-15 00:00:00+00:00
Deepak Joshi,22A81A720012,Tuition Fee,75000.0,2023-24,2023-07-15 00:00:00+00:00
Deepak Joshi,22A81A720012,Exam Fee,3500.0,2023-24,2023-07-15 00:00:00+00:00
Deepak Joshi,22A81A720012,Hostel Fee,5000.0,2023-24,2023-07-15 00:00:00+00:00
Deepak Joshi,22A81A720012,Mess Fee,5000.0,2023-24,2023-07-15 00:00:00+00:00
Deepak Joshi,22A81A720012,Tuition Fee,75000.0,2024-25,2024-07-15 00:00:00+00:00
Deepak Joshi,22A81A720012,Exam Fee,3500.0,2024-25,2024-07-15 00:00:00+00:00
Deepak Joshi,22A81A720012,Development Fee,15000.0,2024-25,2024-07-15 00:00:00+00:00
Deepak Joshi,22A81A720012,Hostel Fee,5000.0,2024-25,2024-07-15 00:00:00+00:00
Deepak Joshi,22A81A720012,Mess Fee,5000.0,2024-25,2024-07-15 00:00:00+00:00
Deepak Joshi,22A81A720012,Tuition Fee,75000.0,2024-25,2024-07-15 00:00:00+00:00
Deepak Joshi,22A81A720012,Exam Fee,3500.0,2024-25,2024-07-15 00:00:00+00:00
Deepak Joshi,22A81A720012,Hostel Fee,5000.0,2024-25,2024-07-15 00:00:00+00:00
Deepak Joshi,22A81A720012,Mess Fee,5000.0,2024-25,2024-07-15 00:00:00+00:00
Deepak Joshi,22A81A720012,Tuition Fee,75000.0,2025-26,2025-07-15 00:00:00+00:00
Deepak Joshi,22A81A720012,Exam Fee,3500.0,2025-26,2025-07-15 00:00:00+00:00
Deepak Joshi,22A81A720012,Development Fee,15000.0,2025-26,2025-07-15 00:00:00+00:00
Deepak Joshi,22A81A720012,Hostel Fee,5000.0,2025-26,2025-07-15 00:00:00+00:00
Deepak Joshi,22A81A720012,Mess Fee,5000.0,2025-26,2025-07-15 00:00:00+00:00
Deepak Joshi,22A81A720012,Tuition Fee,75000.0,2025-26,2025-07-15 00:00:00+00:00
Deepak Joshi,22A81A720012,Exam Fee,3500.0,2025-26,2025-07-15 00:00:00+00:00
Deepak Joshi,22A81A720012,Hostel Fee,5000.0,2025-26,2025-07-15 00:00:00+00:00
Deepak Joshi,22A81A720012,Mess Fee,5000.0,2025-26,2025-07-15 00:00:00+00:00
Gayathri Krishnan,22A81A720013,Tuition Fee,75000.0,2022-23,2022-07-15 00:00:00+00:00
Gayathri Krishnan,22A81A720013,Exam Fee,3500.0,2022-23,2022-07-15 00:00:00+00:00
Gayathri Krishnan,22A81A720013,Development Fee,15000.0,2022-23,2022-07-15 00:00:00+00:00
Gayathri Krishnan,22A81A720013,Hostel Fee,5000.0,2022-23,2022-07-15 00:00:00+00:00
Gayathri Krishnan,22A81A720013,Mess Fee,5000.0,2022-23,2022-07-15 00:00:00+00:00
Gayathri Krishnan,22A81A720013,Tuition Fee,75000.0,2022-23,2022-07-15 00:00:00+00:00
Gayathri Krishnan,22A81A720013,Exam Fee,3500.0,2022-23,2022-07-15 00:00:00+00:00
Gayathri Krishnan,22A81A720013,Hostel Fee,5000.0,2022-23,2022-07-15 00:00:00+00:00
Gayathri Krishnan,22A81A720013,Mess Fee,5000.0,2022-23,2022-07-15 00:00:00+00:00
Gayathri Krishnan,22A81A720013,Tuition Fee,75000.0,2023-24,2023-07-15 00:00:00+00:00
Gayathri Krishnan,22A81A720013,Exam Fee,3500.0,2023-24,2023-07-15 00:00:00+00:00
Gayathri Krishnan,22A81A720013,Development Fee,15000.0,2023-24,2023-07-15 00:00:00+00:00
Gayathri Krishnan,22A81A720013,Hostel Fee,5000.0,2023-24,2023-07-15 00:00:00+00:00
Gayathri Krishnan,22A81A720013,Mess Fee,5000.0,2023-24,2023-07-15 00:00:00+00:00
Gayathri Krishnan,22A81A720013,Tuition Fee,75000.0,2023-24,2023-07-15 00:00:00+00:00
Gayathri Krishnan,22A81A720013,Exam Fee,3500.0,2023-24,2023-07-15 00:00:00+00:00
Gayathri Krishnan,22A81A720013,Hostel Fee,5000.0,2023-24,2023-07-15 00:00:00+00:00
Gayathri Krishnan,22A81A720013,Mess Fee,5000.0,2023-24,2023-07-15 00:00:00+00:00
Gayathri Krishnan,22A81A720013,Tuition Fee,75000.0,2024-25,2024-07-15 00:00:00+00:00
Gayathri Krishnan,22A81A720013,Exam Fee,3500.0,2024-25,2024-07-15 00:00:00+00:00
Gayathri Krishnan,22A81A720013,Development Fee,15000.0,2024-25,2024-07-15 00:00:00+00:00
Gayathri Krishnan,22A81A720013,Hostel Fee,5000.0,2024-25,2024-07-15 00:00:00+00:00
Gayathri Krishnan,22A81A720013,Mess Fee,5000.0,2024-25,2024-07-15 00:00:00+00:00
Gayathri Krishnan,22A81A720013,Tuition Fee,75000.0,2024-25,2024-07-15 00:00:00+00:00
Gayathri Krishnan,22A81A720013,Exam Fee,3500.0,2024-25,2024-07-15 00:00:00+00:00
Gayathri Krishnan,22A81A720013,Hostel Fee,5000.0,2024-25,2024-07-15 00:00:00+00:00
Gayathri Krishnan,22A81A720013,Mess Fee,5000.0,2024-25,2024-07-15 00:00:00+00:00
Gayathri Krishnan,22A81A720013,Tuition Fee,75000.0,2025-26,2025-07-15 00:00:00+00:00
Gayathri Krishnan,22A81A720013,Exam Fee,3500.0,2025-26,2025-07-15 00:00:00+00:00
Gayathri Krishnan,22A81A720013,Development Fee,15000.0,2025-26,2025-07-15 00:00:00+00:00
Gayathri Krishnan,22A81A720013,Hostel Fee,5000.0,2025-26,2025-07-15 00:00:00+00:00
Gayathri Krishnan,22A81A720013,Mess Fee,5000.0,2025-26,2025-07-15 00:00:00+00:00
Gayathri Krishnan,22A81A720013,Tuition Fee,75000.0,2025-26,2025-07-15 00:00:00+00:00
Gayathri Krishnan,22A81A720013,Exam Fee,3500.0,2025-26,2025-07-15 00:00:00+00:00
Gayathri Krishnan,22A81A720013,Hostel Fee,5000.0,2025-26,2025-07-15 00:00:00+00:00
Gayathri Krishnan,22A81A720013,Mess Fee,5000.0,2025-26,2025-07-15 00:00:00+00:00
Balu Murthy,22A81A720014,Tuition Fee,75000.0,2022-23,2022-07-15 00:00:00+00:00
Balu Murthy,22A81A720014,Exam Fee,3500.0,2022-23,2022-07-15 00:00:00+00:00
Balu Murthy,22A81A720014,Development Fee,15000.0,2022-23,2022-07-15 00:00:00+00:00
Balu Murthy,22A81A720014,Hostel Fee,5000.0,2022-23,2022-07-15 00:00:00+00:00
Balu Murthy,22A81A720014,Mess Fee,5000.0,2022-23,2022-07-15 00:00:00+00:00
Balu Murthy,22A81A720014,Tuition Fee,75000.0,2022-23,2022-07-15 00:00:00+00:00
Balu Murthy,22A81A720014,Exam Fee,3500.0,2022-23,2022-07-15 00:00:00+00:00
Balu Murthy,22A81A720014,Hostel Fee,5000.0,2022-23,2022-07-15 00:00:00+00:00
Balu Murthy,22A81A720014,Mess Fee,5000.0,2022-23,2022-07-15 00:00:00+00:00
Balu Murthy,22A81A720014,Tuition Fee,75000.0,2023-24,2023-07-15 00:00:00+00:00
Balu Murthy,22A81A720014,Exam Fee,3500.0,2023-24,2023-07-15 00:00:00+00:00
Balu Murthy,22A81A720014,Development Fee,15000.0,2023-24,2023-07-15 00:00:00+00:00
Balu Murthy,22A81A720014,Hostel Fee,5000.0,2023-24,2023-07-15 00:00:00+00:00
Balu Murthy,22A81A720014,Mess Fee,5000.0,2023-24,2023-07-15 00:00:00+00:00
Balu Murthy,22A81A720014,Tuition Fee,75000.0,2023-24,2023-07-15 00:00:00+00:00
Balu Murthy,22A81A720014,Exam Fee,3500.0,2023-24,2023-07-15 00:00:00+00:00
Balu Murthy,22A81A720014,Hostel Fee,5000.0,2023-24,2023-07-15 00:00:00+00:00
Balu Murthy,22A81A720014,Mess Fee,5000.0,2023-24,2023-07-15 00:00:00+00:00
Balu Murthy,22A81A720014,Tuition Fee,75000.0,2024-25,2024-07-15 00:00:00+00:00
Balu Murthy,22A81A720014,Exam Fee,3500.0,2024-25,2024-07-15 00:00:00+00:00
Balu Murthy,22A81A720014,Development Fee,15000.0,2024-25,2024-07-15 00:00:00+00:00
Balu Murthy,22A81A720014,Hostel Fee,5000.0,2024-25,2024-07-15 00:00:00+00:00
Balu Murthy,22A81A720014,Mess Fee,5000.0,2024-25,2024-07-15 00:00:00+00:00
Balu Murthy,22A81A720014,Tuition Fee,75000.0,2024-25,2024-07-15 00:00:00+00:00
Balu Murthy,22A81A720014,Exam Fee,3500.0,2024-25,2024-07-15 00:00:00+00:00
Balu Murthy,22A81A720014,Hostel Fee,5000.0,2024-25,2024-07-15 00:00:00+00:00
Balu Murthy,22A81A720014,Mess Fee,5000.0,2024-25,2024-07-15 00:00:00+00:00
Balu Murthy,22A81A720014,Tuition Fee,75000.0,2025-26,2025-07-15 00:00:00+00:00
Balu Murthy,22A81A720014,Exam Fee,3500.0,2025-26,2025-07-15 00:00:00+00:00
Balu Murthy,22A81A720014,Development Fee,15000.0,2025-26,2025-07-15 00:00:00+00:00
Balu Murthy,22A81A720014,Hostel Fee,5000.0,2025-26,2025-07-15 00:00:00+00:00
Balu Murthy,22A81A720014,Mess Fee,5000.0,2025-26,2025-07-15 00:00:00+00:00
Balu Murthy,22A81A720014,Tuition Fee,75000.0,2025-26,2025-07-15 00:00:00+00:00
Balu Murthy,22A81A720014,Exam Fee,3500.0,2025-26,2025-07-15 00:00:00+00:00
Balu Murthy,22A81A720014,Hostel Fee,5000.0,2025-26,2025-07-15 00:00:00+00:00
Balu Murthy,22A81A720014,Mess Fee,5000.0,2025-26,2025-07-15 00:00:00+00:00
Balu Tripathi,22A81A720015,Tuition Fee,75000.0,2022-23,2022-07-15 00:00:00+00:00
Balu Tripathi,22A81A720015,Exam Fee,3500.0,2022-23,2022-07-15 00:00:00+00:00
Balu Tripathi,22A81A720015,Development Fee,15000.0,2022-23,2022-07-15 00:00:00+00:00
Balu Tripathi,22A81A720015,Hostel Fee,5000.0,2022-23,2022-07-15 00:00:00+00:00
Balu Tripathi,22A81A720015,Mess Fee,5000.0,2022-23,2022-07-15 00:00:00+00:00
Balu Tripathi,22A81A720015,Tuition Fee,75000.0,2022-23,2022-07-15 00:00:00+00:00
Balu Tripathi,22A81A720015,Exam Fee,3500.0,2022-23,2022-07-15 00:00:00+00:00
Balu Tripathi,22A81A720015,Hostel Fee,5000.0,2022-23,2022-07-15 00:00:00+00:00
Balu Tripathi,22A81A720015,Mess Fee,5000.0,2022-23,2022-07-15 00:00:00+00:00
Balu Tripathi,22A81A720015,Tuition Fee,75000.0,2023-24,2023-07-15 00:00:00+00:00
Balu Tripathi,22A81A720015,Exam Fee,3500.0,2023-24,2023-07-15 00:00:00+00:00
Balu Tripathi,22A81A720015,Development Fee,15000.0,2023-24,2023-07-15 00:00:00+00:00
Balu Tripathi,22A81A720015,Hostel Fee,5000.0,2023-24,2023-07-15 00:00:00+00:00
Balu Tripathi,22A81A720015,Mess Fee,5000.0,2023-24,2023-07-15 00:00:00+00:00
Balu Tripathi,22A81A720015,Tuition Fee,75000.0,2023-24,2023-07-15 00:00:00+00:00
Balu Tripathi,22A81A720015,Exam Fee,3500.0,2023-24,2023-07-15 00:00:00+00:00
Balu Tripathi,22A81A720015,Hostel Fee,5000.0,2023-24,2023-07-15 00:00:00+00:00
Balu Tripathi,22A81A720015,Mess Fee,5000.0,2023-24,2023-07-15 00:00:00+00:00
Balu Tripathi,22A81A720015,Tuition Fee,75000.0,2024-25,2024-07-15 00:00:00+00:00
Balu Tripathi,22A81A720015,Exam Fee,3500.0,2024-25,2024-07-15 00:00:00+00:00
Balu Tripathi,22A81A720015,Development Fee,15000.0,2024-25,2024-07-15 00:00:00+00:00
Balu Tripathi,22A81A720015,Hostel Fee,5000.0,2024-25,2024-07-15 00:00:00+00:00
Balu Tripathi,22A81A720015,Mess Fee,5000.0,2024-25,2024-07-15 00:00:00+00:00
Balu Tripathi,22A81A720015,Tuition Fee,75000.0,2024-25,2024-07-15 00:00:00+00:00
Balu Tripathi,22A81A720015,Exam Fee,3500.0,2024-25,2024-07-15 00:00:00+00:00
Balu Tripathi,22A81A720015,Hostel Fee,5000.0,2024-25,2024-07-15 00:00:00+00:00
Balu Tripathi,22A81A720015,Mess Fee,5000.0,2024-25,2024-07-15 00:00:00+00:00
Balu Tripathi,22A81A720015,Tuition Fee,75000.0,2025-26,2025-07-15 00:00:00+00:00
Balu Tripathi,22A81A720015,Exam Fee,3500.0,2025-26,2025-07-15 00:00:00+00:00
Balu Tripathi,22A81A720015,Development Fee,15000.0,2025-26,2025-07-15 00:00:00+00:00
Balu Tripathi,22A81A720015,Hostel Fee,5000.0,2025-26,2025-07-15 00:00:00+00:00
Balu Tripathi,22A81A720015,Mess Fee,5000.0,2025-26,2025-07-15 00:00:00+00:00
Balu Tripathi,22A81A720015,Tuition Fee,75000.0,2025-26,2025-07-15 00:00:00+00:00
Balu Tripathi,22A81A720015,Exam Fee,3500.0,2025-26,2025-07-15 00:00:00+00:00
Balu Tripathi,22A81A720015,Hostel Fee,5000.0,2025-26,2025-07-15 00:00:00+00:00
Balu Tripathi,22A81A720015,Mess Fee,5000.0,2025-26,2025-07-15 00:00:00+00:00
Hemanth Singh,22A81A720016,Tuition Fee,75000.0,2022-23,2022-07-15 00:00:00+00:00
Hemanth Singh,22A81A720016,Exam Fee,3500.0,2022-23,2022-07-15 00:00:00+00:00
Hemanth Singh,22A81A720016,Development Fee,15000.0,2022-23,2022-07-15 00:00:00+00:00
Hemanth Singh,22A81A720016,Tuition Fee,75000.0,2022-23,2022-07-15 00:00:00+00:00
Hemanth Singh,22A81A720016,Exam Fee,3500.0,2022-23,2022-07-15 00:00:00+00:00
Hemanth Singh,22A81A720016,Tuition Fee,75000.0,2023-24,2023-07-15 00:00:00+00:00
Hemanth Singh,22A81A720016,Exam Fee,3500.0,2023-24,2023-07-15 00:00:00+00:00
Hemanth Singh,22A81A720016,Development Fee,15000.0,2023-24,2023-07-15 00:00:00+00:00
Hemanth Singh,22A81A720016,Tuition Fee,75000.0,2023-24,2023-07-15 00:00:00+00:00
Hemanth Singh,22A81A720016,Exam Fee,3500.0,2023-24,2023-07-15 00:00:00+00:00
Hemanth Singh,22A81A720016,Tuition Fee,75000.0,2024-25,2024-07-15 00:00:00+00:00
Hemanth Singh,22A81A720016,Exam Fee,3500.0,2024-25,2024-07-15 00:00:00+00:00
Hemanth Singh,22A81A720016,Development Fee,15000.0,2024-25,2024-07-15 00:00:00+00:00
Hemanth Singh,22A81A720016,Tuition Fee,75000.0,2024-25,2024-07-15 00:00:00+00:00
Hemanth Singh,22A81A720016,Exam Fee,3500.0,2024-25,2024-07-15 00:00:00+00:00
Hemanth Singh,22A81A720016,Tuition Fee,75000.0,2025-26,2025-07-15 00:00:00+00:00
Hemanth Singh,22A81A720016,Exam Fee,3500.0,2025-26,2025-07-15 00:00:00+00:00
Hemanth Singh,22A81A720016,Development Fee,15000.0,2025-26,2025-07-15 00:00:00+00:00
Hemanth Singh,22A81A720016,Tuition Fee,75000.0,2025-26,2025-07-15 00:00:00+00:00
Hemanth Singh,22A81A720016,Exam Fee,3500.0,2025-26,2025-07-15 00:00:00+00:00
Chandana Anand,23A81A720013,Tuition Fee,75000.0,2023-24,2023-07-15 00:00:00+00:00
Chandana Anand,23A81A720013,Exam Fee,3500.0,2023-24,2023-07-15 00:00:00+00:00
Chandana Anand,23A81A720013,Development Fee,15000.0,2023-24,2023-07-15 00:00:00+00:00
Chandana Anand,23A81A720013,Hostel Fee,5000.0,2023-24,2023-07-15 00:00:00+00:00
Chandana Anand,23A81A720013,Mess Fee,5000.0,2023-24,2023-07-15 00:00:00+00:00
Chandana Anand,23A81A720013,Tuition Fee,75000.0,2023-24,2023-07-15 00:00:00+00:00
Chandana Anand,23A81A720013,Exam Fee,3500.0,2023-24,2023-07-15 00:00:00+00:00
Chandana Anand,23A81A720013,Hostel Fee,5000.0,2023-24,2023-07-15 00:00:00+00:00
Chandana Anand,23A81A720013,Mess Fee,5000.0,2023-24,2023-07-15 00:00:00+00:00
Chandana Anand,23A81A720013,Tuition Fee,75000.0,2024-25,2024-07-15 00:00:00+00:00
Chandana Anand,23A81A720013,Exam Fee,3500.0,2024-25,2024-07-15 00:00:00+00:00
Chandana Anand,23A81A720013,Development Fee,15000.0,2024-25,2024-07-15 00:00:00+00:00
Chandana Anand,23A81A720013,Hostel Fee,5000.0,2024-25,2024-07-15 00:00:00+00:00
Chandana Anand,23A81A720013,Mess Fee,5000.0,2024-25,2024-07-15 00:00:00+00:00
Chandana Anand,23A81A720013,Tuition Fee,75000.0,2024-25,2024-07-15 00:00:00+00:00
Chandana Anand,23A81A720013,Exam Fee,3500.0,2024-25,2024-07-15 00:00:00+00:00
Chandana Anand,23A81A720013,Hostel Fee,5000.0,2024-25,2024-07-15 00:00:00+00:00
Chandana Anand,23A81A720013,Mess Fee,5000.0,2024-25,2024-07-15 00:00:00+00:00
Chandana Anand,23A81A720013,Tuition Fee,75000.0,2025-26,2025-07-15 00:00:00+00:00
Chandana Anand,23A81A720013,Exam Fee,3500.0,2025-26,2025-07-15 00:00:00+00:00
Chandana Anand,23A81A720013,Development Fee,15000.0,2025-26,2025-07-15 00:00:00+00:00
Chandana Anand,23A81A720013,Hostel Fee,5000.0,2025-26,2025-07-15 00:00:00+00:00
Chandana Anand,23A81A720013,Mess Fee,5000.0,2025-26,2025-07-15 00:00:00+00:00
Chandana Anand,23A81A720013,Tuition Fee,75000.0,2025-26,2025-07-15 00:00:00+00:00
Chandana Anand,23A81A720013,Exam Fee,3500.0,2025-26,2025-07-15 00:00:00+00:00
Chandana Anand,23A81A720013,Hostel Fee,5000.0,2025-26,2025-07-15 00:00:00+00:00
Chandana Anand,23A81A720013,Mess Fee,5000.0,2025-26,2025-07-15 00:00:00+00:00
Nanda Bhat,23A81A720014,Tuition Fee,75000.0,2023-24,2023-07-15 00:00:00+00:00
Nanda Bhat,23A81A720014,Exam Fee,3500.0,2023-24,2023-07-15 00:00:00+00:00
Nanda Bhat,23A81A720014,Development Fee,15000.0,2023-24,2023-07-15 00:00:00+00:00
Nanda Bhat,23A81A720014,Tuition Fee,75000.0,2023-24,2023-07-15 00:00:00+00:00
Nanda Bhat,23A81A720014,Exam Fee,3500.0,2023-24,2023-07-15 00:00:00+00:00
Nanda Bhat,23A81A720014,Tuition Fee,75000.0,2024-25,2024-07-15 00:00:00+00:00
Nanda Bhat,23A81A720014,Exam Fee,3500.0,2024-25,2024-07-15 00:00:00+00:00
Nanda Bhat,23A81A720014,Development Fee,15000.0,2024-25,2024-07-15 00:00:00+00:00
Nanda Bhat,23A81A720014,Tuition Fee,75000.0,2024-25,2024-07-15 00:00:00+00:00
Nanda Bhat,23A81A720014,Exam Fee,3500.0,2024-25,2024-07-15 00:00:00+00:00
Nanda Bhat,23A81A720014,Tuition Fee,75000.0,2025-26,2025-07-15 00:00:00+00:00
Nanda Bhat,23A81A720014,Exam Fee,3500.0,2025-26,2025-07-15 00:00:00+00:00
Nanda Bhat,23A81A720014,Development Fee,15000.0,2025-26,2025-07-15 00:00:00+00:00
Nanda Bhat,23A81A720014,Tuition Fee,75000.0,2025-26,2025-07-15 00:00:00+00:00
Nanda Bhat,23A81A720014,Exam Fee,3500.0,2025-26,2025-07-15 00:00:00+00:00
Rohith Arora,23A81A720015,Tuition Fee,75000.0,2023-24,2023-07-15 00:00:00+00:00
Rohith Arora,23A81A720015,Exam Fee,3500.0,2023-24,2023-07-15 00:00:00+00:00
Rohith Arora,23A81A720015,Development Fee,15000.0,2023-24,2023-07-15 00:00:00+00:00
Rohith Arora,23A81A720015,Hostel Fee,5000.0,2023-24,2023-07-15 00:00:00+00:00
Rohith Arora,23A81A720015,Mess Fee,5000.0,2023-24,2023-07-15 00:00:00+00:00
Rohith Arora,23A81A720015,Tuition Fee,75000.0,2023-24,2023-07-15 00:00:00+00:00
Rohith Arora,23A81A720015,Exam Fee,3500.0,2023-24,2023-07-15 00:00:00+00:00
Rohith Arora,23A81A720015,Hostel Fee,5000.0,2023-24,2023-07-15 00:00:00+00:00
Rohith Arora,23A81A720015,Mess Fee,5000.0,2023-24,2023-07-15 00:00:00+00:00
Rohith Arora,23A81A720015,Tuition Fee,75000.0,2024-25,2024-07-15 00:00:00+00:00
Rohith Arora,23A81A720015,Exam Fee,3500.0,2024-25,2024-07-15 00:00:00+00:00
Rohith Arora,23A81A720015,Development Fee,15000.0,2024-25,2024-07-15 00:00:00+00:00
Rohith Arora,23A81A720015,Hostel Fee,5000.0,2024-25,2024-07-15 00:00:00+00:00
Rohith Arora,23A81A720015,Mess Fee,5000.0,2024-25,2024-07-15 00:00:00+00:00
Rohith Arora,23A81A720015,Tuition Fee,75000.0,2024-25,2024-07-15 00:00:00+00:00
Rohith Arora,23A81A720015,Exam Fee,3500.0,2024-25,2024-07-15 00:00:00+00:00
Rohith Arora,23A81A720015,Hostel Fee,5000.0,2024-25,2024-07-15 00:00:00+00:00
Rohith Arora,23A81A720015,Mess Fee,5000.0,2024-25,2024-07-15 00:00:00+00:00
Rohith Arora,23A81A720015,Tuition Fee,75000.0,2025-26,2025-07-15 00:00:00+00:00
Rohith Arora,23A81A720015,Exam Fee,3500.0,2025-26,2025-07-15 00:00:00+00:00
Rohith Arora,23A81A720015,Development Fee,15000.0,2025-26,2025-07-15 00:00:00+00:00
Rohith Arora,23A81A720015,Hostel Fee,5000.0,2025-26,2025-07-15 00:00:00+00:00
Rohith Arora,23A81A720015,Mess Fee,5000.0,2025-26,2025-07-15 00:00:00+00:00
Rohith Arora,23A81A720015,Tuition Fee,75000.0,2025-26,2025-07-15 00:00:00+00:00
Rohith Arora,23A81A720015,Exam Fee,3500.0,2025-26,2025-07-15 00:00:00+00:00
Rohith Arora,23A81A720015,Hostel Fee,5000.0,2025-26,2025-07-15 00:00:00+00:00
Rohith Arora,23A81A720015,Mess Fee,5000.0,2025-26,2025-07-15 00:00:00+00:00
Swetha Iyer,23A81A720016,Tuition Fee,75000.0,2023-24,2023-07-15 00:00:00+00:00
Swetha Iyer,23A81A720016,Exam Fee,3500.0,2023-24,2023-07-15 00:00:00+00:00
Swetha Iyer,23A81A720016,Development Fee,15000.0,2023-24,2023-07-15 00:00:00+00:00
Swetha Iyer,23A81A720016,Tuition Fee,75000.0,2023-24,2023-07-15 00:00:00+00:00
Swetha Iyer,23A81A720016,Exam Fee,3500.0,2023-24,2023-07-15 00:00:00+00:00
Swetha Iyer,23A81A720016,Tuition Fee,75000.0,2024-25,2024-07-15 00:00:00+00:00
Swetha Iyer,23A81A720016,Exam Fee,3500.0,2024-25,2024-07-15 00:00:00+00:00
Swetha Iyer,23A81A720016,Development Fee,15000.0,2024-25,2024-07-15 00:00:00+00:00
Swetha Iyer,23A81A720016,Tuition Fee,75000.0,2024-25,2024-07-15 00:00:00+00:00
Swetha Iyer,23A81A720016,Exam Fee,3500.0,2024-25,2024-07-15 00:00:00+00:00
Swetha Iyer,23A81A720016,Tuition Fee,75000.0,2025-26,2025-07-15 00:00:00+00:00
Swetha Iyer,23A81A720016,Exam Fee,3500.0,2025-26,2025-07-15 00:00:00+00:00
Swetha Iyer,23A81A720016,Development Fee,15000.0,2025-26,2025-07-15 00:00:00+00:00
Swetha Iyer,23A81A720016,Tuition Fee,75000.0,2025-26,2025-07-15 00:00:00+00:00
Swetha Iyer,23A81A720016,Exam Fee,3500.0,2025-26,2025-07-15 00:00:00+00:00
Deepak Desai,23A81A720017,Tuition Fee,75000.0,2023-24,2023-07-15 00:00:00+00:00
Deepak Desai,23A81A720017,Exam Fee,3500.0,2023-24,2023-07-15 00:00:00+00:00
Deepak Desai,23A81A720017,Development Fee,15000.0,2023-24,2023-07-15 00:00:00+00:00
Deepak Desai,23A81A720017,Transport Fee,5000.0,2023-24,2023-07-15 00:00:00+00:00
Deepak Desai,23A81A720017,Tuition Fee,75000.0,2023-24,2023-07-15 00:00:00+00:00
Deepak Desai,23A81A720017,Exam Fee,3500.0,2023-24,2023-07-15 00:00:00+00:00
Deepak Desai,23A81A720017,Tuition Fee,75000.0,2024-25,2024-07-15 00:00:00+00:00
Deepak Desai,23A81A720017,Exam Fee,3500.0,2024-25,2024-07-15 00:00:00+00:00
Deepak Desai,23A81A720017,Development Fee,15000.0,2024-25,2024-07-15 00:00:00+00:00
Deepak Desai,23A81A720017,Transport Fee,5000.0,2024-25,2024-07-15 00:00:00+00:00
Deepak Desai,23A81A720017,Tuition Fee,75000.0,2024-25,2024-07-15 00:00:00+00:00
Deepak Desai,23A81A720017,Exam Fee,3500.0,2024-25,2024-07-15 00:00:00+00:00
Deepak Desai,23A81A720017,Tuition Fee,75000.0,2025-26,2025-07-15 00:00:00+00:00
Deepak Desai,23A81A720017,Exam Fee,3500.0,2025-26,2025-07-15 00:00:00+00:00
Deepak Desai,23A81A720017,Development Fee,15000.0,2025-26,2025-07-15 00:00:00+00:00
Deepak Desai,23A81A720017,Transport Fee,5000.0,2025-26,2025-07-15 00:00:00+00:00
Deepak Desai,23A81A720017,Tuition Fee,75000.0,2025-26,2025-07-15 00:00:00+00:00
Deepak Desai,23A81A720017,Exam Fee,3500.0,2025-26,2025-07-15 00:00:00+00:00
Vivek Nair,23A81A720018,Tuition Fee,75000.0,2023-24,2023-07-15 00:00:00+00:00
Vivek Nair,23A81A720018,Exam Fee,3500.0,2023-24,2023-07-15 00:00:00+00:00
Vivek Nair,23A81A720018,Development Fee,15000.0,2023-24,2023-07-15 00:00:00+00:00
Vivek Nair,23A81A720018,Hostel Fee,5000.0,2023-24,2023-07-15 00:00:00+00:00
Vivek Nair,23A81A720018,Mess Fee,5000.0,2023-24,2023-07-15 00:00:00+00:00
Vivek Nair,23A81A720018,Tuition Fee,75000.0,2023-24,2023-07-15 00:00:00+00:00
